DEBUG - 2026-05-30 07:14:01 --> Session: Class initialized using 'CodeIgniter\Session\Handlers\FileHandler' driver.
WARNING - 2026-05-30 07:14:01 --> [DEPRECATED] Creation of dynamic property App\Controllers\Home::$session is deprecated in APPPATH/Controllers/BaseController.php on line 43.
 1 SYSTEMPATH/CodeIgniter.php(922): App\Controllers\BaseController->initController(Object(CodeIgniter\HTTP\IncomingRequest), Object(CodeIgniter\HTTP\Response), Object(CodeIgniter\Log\Logger))
 2 SYSTEMPATH/CodeIgniter.php(488): CodeIgniter\CodeIgniter->createController()
 3 SYSTEMPATH/CodeIgniter.php(340): CodeIgniter\CodeIgniter->handleRequest(null, Object(Config\Cache), false)
 4 SYSTEMPATH/Boot.php(417): CodeIgniter\CodeIgniter->run()
 5 SYSTEMPATH/Boot.php(68): CodeIgniter\Boot::runCodeIgniter(Object(CodeIgniter\CodeIgniter))
 6 FCPATH/index.php(59): CodeIgniter\Boot::bootWeb(Object(Config\Paths))
WARNING - 2026-05-30 07:14:01 --> [DEPRECATED] Creation of dynamic property App\Controllers\AuthController::$authModel is deprecated in APPPATH/Controllers/AuthController.php on line 11.
 1 SYSTEMPATH/CodeIgniter.php(921): App\Controllers\AuthController->__construct()
 2 SYSTEMPATH/CodeIgniter.php(488): CodeIgniter\CodeIgniter->createController()
 3 SYSTEMPATH/CodeIgniter.php(340): CodeIgniter\CodeIgniter->handleRequest(null, Object(Config\Cache), false)
 4 SYSTEMPATH/Boot.php(417): CodeIgniter\CodeIgniter->run()
 5 SYSTEMPATH/Boot.php(68): CodeIgniter\Boot::runCodeIgniter(Object(CodeIgniter\CodeIgniter))
 6 FCPATH/index.php(59): CodeIgniter\Boot::bootWeb(Object(Config\Paths))
DEBUG - 2026-05-30 07:14:01 --> Session: Class initialized using 'CodeIgniter\Session\Handlers\FileHandler' driver.
WARNING - 2026-05-30 07:14:01 --> [DEPRECATED] Creation of dynamic property App\Controllers\AuthController::$session is deprecated in APPPATH/Controllers/BaseController.php on line 43.
 1 SYSTEMPATH/CodeIgniter.php(922): App\Controllers\BaseController->initController(Object(CodeIgniter\HTTP\IncomingRequest), Object(CodeIgniter\HTTP\Response), Object(CodeIgniter\Log\Logger))
 2 SYSTEMPATH/CodeIgniter.php(488): CodeIgniter\CodeIgniter->createController()
 3 SYSTEMPATH/CodeIgniter.php(340): CodeIgniter\CodeIgniter->handleRequest(null, Object(Config\Cache), false)
 4 SYSTEMPATH/Boot.php(417): CodeIgniter\CodeIgniter->run()
 5 SYSTEMPATH/Boot.php(68): CodeIgniter\Boot::runCodeIgniter(Object(CodeIgniter\CodeIgniter))
 6 FCPATH/index.php(59): CodeIgniter\Boot::bootWeb(Object(Config\Paths))
WARNING - 2026-05-30 07:14:11 --> [DEPRECATED] Creation of dynamic property App\Controllers\AuthController::$authModel is deprecated in APPPATH/Controllers/AuthController.php on line 11.
 1 SYSTEMPATH/CodeIgniter.php(921): App\Controllers\AuthController->__construct()
 2 SYSTEMPATH/CodeIgniter.php(488): CodeIgniter\CodeIgniter->createController()
 3 SYSTEMPATH/CodeIgniter.php(340): CodeIgniter\CodeIgniter->handleRequest(null, Object(Config\Cache), false)
 4 SYSTEMPATH/Boot.php(417): CodeIgniter\CodeIgniter->run()
 5 SYSTEMPATH/Boot.php(68): CodeIgniter\Boot::runCodeIgniter(Object(CodeIgniter\CodeIgniter))
 6 FCPATH/index.php(59): CodeIgniter\Boot::bootWeb(Object(Config\Paths))
DEBUG - 2026-05-30 07:14:11 --> Session: Class initialized using 'CodeIgniter\Session\Handlers\FileHandler' driver.
WARNING - 2026-05-30 07:14:11 --> [DEPRECATED] Creation of dynamic property App\Controllers\AuthController::$session is deprecated in APPPATH/Controllers/BaseController.php on line 43.
 1 SYSTEMPATH/CodeIgniter.php(922): App\Controllers\BaseController->initController(Object(CodeIgniter\HTTP\IncomingRequest), Object(CodeIgniter\HTTP\Response), Object(CodeIgniter\Log\Logger))
 2 SYSTEMPATH/CodeIgniter.php(488): CodeIgniter\CodeIgniter->createController()
 3 SYSTEMPATH/CodeIgniter.php(340): CodeIgniter\CodeIgniter->handleRequest(null, Object(Config\Cache), false)
 4 SYSTEMPATH/Boot.php(417): CodeIgniter\CodeIgniter->run()
 5 SYSTEMPATH/Boot.php(68): CodeIgniter\Boot::runCodeIgniter(Object(CodeIgniter\CodeIgniter))
 6 FCPATH/index.php(59): CodeIgniter\Boot::bootWeb(Object(Config\Paths))
WARNING - 2026-05-30 07:14:11 --> [DEPRECATED] Creation of dynamic property App\Controllers\AuthController::$authModel is deprecated in APPPATH/Controllers/AuthController.php on line 11.
 1 SYSTEMPATH/CodeIgniter.php(921): App\Controllers\AuthController->__construct()
 2 SYSTEMPATH/CodeIgniter.php(488): CodeIgniter\CodeIgniter->createController()
 3 SYSTEMPATH/CodeIgniter.php(340): CodeIgniter\CodeIgniter->handleRequest(null, Object(Config\Cache), false)
 4 SYSTEMPATH/Boot.php(417): CodeIgniter\CodeIgniter->run()
 5 SYSTEMPATH/Boot.php(68): CodeIgniter\Boot::runCodeIgniter(Object(CodeIgniter\CodeIgniter))
 6 FCPATH/index.php(59): CodeIgniter\Boot::bootWeb(Object(Config\Paths))
DEBUG - 2026-05-30 07:14:11 --> Session: Class initialized using 'CodeIgniter\Session\Handlers\FileHandler' driver.
WARNING - 2026-05-30 07:14:11 --> [DEPRECATED] Creation of dynamic property App\Controllers\AuthController::$session is deprecated in APPPATH/Controllers/BaseController.php on line 43.
 1 SYSTEMPATH/CodeIgniter.php(922): App\Controllers\BaseController->initController(Object(CodeIgniter\HTTP\IncomingRequest), Object(CodeIgniter\HTTP\Response), Object(CodeIgniter\Log\Logger))
 2 SYSTEMPATH/CodeIgniter.php(488): CodeIgniter\CodeIgniter->createController()
 3 SYSTEMPATH/CodeIgniter.php(340): CodeIgniter\CodeIgniter->handleRequest(null, Object(Config\Cache), false)
 4 SYSTEMPATH/Boot.php(417): CodeIgniter\CodeIgniter->run()
 5 SYSTEMPATH/Boot.php(68): CodeIgniter\Boot::runCodeIgniter(Object(CodeIgniter\CodeIgniter))
 6 FCPATH/index.php(59): CodeIgniter\Boot::bootWeb(Object(Config\Paths))
WARNING - 2026-05-30 07:14:30 --> [DEPRECATED] Creation of dynamic property App\Controllers\AuthController::$authModel is deprecated in APPPATH/Controllers/AuthController.php on line 11.
 1 SYSTEMPATH/CodeIgniter.php(921): App\Controllers\AuthController->__construct()
 2 SYSTEMPATH/CodeIgniter.php(488): CodeIgniter\CodeIgniter->createController()
 3 SYSTEMPATH/CodeIgniter.php(340): CodeIgniter\CodeIgniter->handleRequest(null, Object(Config\Cache), false)
 4 SYSTEMPATH/Boot.php(417): CodeIgniter\CodeIgniter->run()
 5 SYSTEMPATH/Boot.php(68): CodeIgniter\Boot::runCodeIgniter(Object(CodeIgniter\CodeIgniter))
 6 FCPATH/index.php(59): CodeIgniter\Boot::bootWeb(Object(Config\Paths))
DEBUG - 2026-05-30 07:14:30 --> Session: Class initialized using 'CodeIgniter\Session\Handlers\FileHandler' driver.
WARNING - 2026-05-30 07:14:30 --> [DEPRECATED] Creation of dynamic property App\Controllers\AuthController::$session is deprecated in APPPATH/Controllers/BaseController.php on line 43.
 1 SYSTEMPATH/CodeIgniter.php(922): App\Controllers\BaseController->initController(Object(CodeIgniter\HTTP\IncomingRequest), Object(CodeIgniter\HTTP\Response), Object(CodeIgniter\Log\Logger))
 2 SYSTEMPATH/CodeIgniter.php(488): CodeIgniter\CodeIgniter->createController()
 3 SYSTEMPATH/CodeIgniter.php(340): CodeIgniter\CodeIgniter->handleRequest(null, Object(Config\Cache), false)
 4 SYSTEMPATH/Boot.php(417): CodeIgniter\CodeIgniter->run()
 5 SYSTEMPATH/Boot.php(68): CodeIgniter\Boot::runCodeIgniter(Object(CodeIgniter\CodeIgniter))
 6 FCPATH/index.php(59): CodeIgniter\Boot::bootWeb(Object(Config\Paths))
WARNING - 2026-05-30 07:14:30 --> [DEPRECATED] Creation of dynamic property App\Controllers\AuthController::$authModel is deprecated in APPPATH/Controllers/AuthController.php on line 11.
 1 SYSTEMPATH/CodeIgniter.php(921): App\Controllers\AuthController->__construct()
 2 SYSTEMPATH/CodeIgniter.php(488): CodeIgniter\CodeIgniter->createController()
 3 SYSTEMPATH/CodeIgniter.php(340): CodeIgniter\CodeIgniter->handleRequest(null, Object(Config\Cache), false)
 4 SYSTEMPATH/Boot.php(417): CodeIgniter\CodeIgniter->run()
 5 SYSTEMPATH/Boot.php(68): CodeIgniter\Boot::runCodeIgniter(Object(CodeIgniter\CodeIgniter))
 6 FCPATH/index.php(59): CodeIgniter\Boot::bootWeb(Object(Config\Paths))
DEBUG - 2026-05-30 07:14:30 --> Session: Class initialized using 'CodeIgniter\Session\Handlers\FileHandler' driver.
WARNING - 2026-05-30 07:14:30 --> [DEPRECATED] Creation of dynamic property App\Controllers\AuthController::$session is deprecated in APPPATH/Controllers/BaseController.php on line 43.
 1 SYSTEMPATH/CodeIgniter.php(922): App\Controllers\BaseController->initController(Object(CodeIgniter\HTTP\IncomingRequest), Object(CodeIgniter\HTTP\Response), Object(CodeIgniter\Log\Logger))
 2 SYSTEMPATH/CodeIgniter.php(488): CodeIgniter\CodeIgniter->createController()
 3 SYSTEMPATH/CodeIgniter.php(340): CodeIgniter\CodeIgniter->handleRequest(null, Object(Config\Cache), false)
 4 SYSTEMPATH/Boot.php(417): CodeIgniter\CodeIgniter->run()
 5 SYSTEMPATH/Boot.php(68): CodeIgniter\Boot::runCodeIgniter(Object(CodeIgniter\CodeIgniter))
 6 FCPATH/index.php(59): CodeIgniter\Boot::bootWeb(Object(Config\Paths))
WARNING - 2026-05-30 07:15:48 --> [DEPRECATED] Creation of dynamic property App\Controllers\AuthController::$authModel is deprecated in APPPATH/Controllers/AuthController.php on line 11.
 1 SYSTEMPATH/CodeIgniter.php(921): App\Controllers\AuthController->__construct()
 2 SYSTEMPATH/CodeIgniter.php(488): CodeIgniter\CodeIgniter->createController()
 3 SYSTEMPATH/CodeIgniter.php(340): CodeIgniter\CodeIgniter->handleRequest(null, Object(Config\Cache), false)
 4 SYSTEMPATH/Boot.php(417): CodeIgniter\CodeIgniter->run()
 5 SYSTEMPATH/Boot.php(68): CodeIgniter\Boot::runCodeIgniter(Object(CodeIgniter\CodeIgniter))
 6 FCPATH/index.php(59): CodeIgniter\Boot::bootWeb(Object(Config\Paths))
DEBUG - 2026-05-30 07:15:48 --> Session: Class initialized using 'CodeIgniter\Session\Handlers\FileHandler' driver.
WARNING - 2026-05-30 07:15:48 --> [DEPRECATED] Creation of dynamic property App\Controllers\AuthController::$session is deprecated in APPPATH/Controllers/BaseController.php on line 43.
 1 SYSTEMPATH/CodeIgniter.php(922): App\Controllers\BaseController->initController(Object(CodeIgniter\HTTP\IncomingRequest), Object(CodeIgniter\HTTP\Response), Object(CodeIgniter\Log\Logger))
 2 SYSTEMPATH/CodeIgniter.php(488): CodeIgniter\CodeIgniter->createController()
 3 SYSTEMPATH/CodeIgniter.php(340): CodeIgniter\CodeIgniter->handleRequest(null, Object(Config\Cache), false)
 4 SYSTEMPATH/Boot.php(417): CodeIgniter\CodeIgniter->run()
 5 SYSTEMPATH/Boot.php(68): CodeIgniter\Boot::runCodeIgniter(Object(CodeIgniter\CodeIgniter))
 6 FCPATH/index.php(59): CodeIgniter\Boot::bootWeb(Object(Config\Paths))
WARNING - 2026-05-30 07:15:49 --> [DEPRECATED] Creation of dynamic property App\Controllers\AuthController::$authModel is deprecated in APPPATH/Controllers/AuthController.php on line 11.
 1 SYSTEMPATH/CodeIgniter.php(921): App\Controllers\AuthController->__construct()
 2 SYSTEMPATH/CodeIgniter.php(488): CodeIgniter\CodeIgniter->createController()
 3 SYSTEMPATH/CodeIgniter.php(340): CodeIgniter\CodeIgniter->handleRequest(null, Object(Config\Cache), false)
 4 SYSTEMPATH/Boot.php(417): CodeIgniter\CodeIgniter->run()
 5 SYSTEMPATH/Boot.php(68): CodeIgniter\Boot::runCodeIgniter(Object(CodeIgniter\CodeIgniter))
 6 FCPATH/index.php(59): CodeIgniter\Boot::bootWeb(Object(Config\Paths))
DEBUG - 2026-05-30 07:15:49 --> Session: Class initialized using 'CodeIgniter\Session\Handlers\FileHandler' driver.
WARNING - 2026-05-30 07:15:49 --> [DEPRECATED] Creation of dynamic property App\Controllers\AuthController::$session is deprecated in APPPATH/Controllers/BaseController.php on line 43.
 1 SYSTEMPATH/CodeIgniter.php(922): App\Controllers\BaseController->initController(Object(CodeIgniter\HTTP\IncomingRequest), Object(CodeIgniter\HTTP\Response), Object(CodeIgniter\Log\Logger))
 2 SYSTEMPATH/CodeIgniter.php(488): CodeIgniter\CodeIgniter->createController()
 3 SYSTEMPATH/CodeIgniter.php(340): CodeIgniter\CodeIgniter->handleRequest(null, Object(Config\Cache), false)
 4 SYSTEMPATH/Boot.php(417): CodeIgniter\CodeIgniter->run()
 5 SYSTEMPATH/Boot.php(68): CodeIgniter\Boot::runCodeIgniter(Object(CodeIgniter\CodeIgniter))
 6 FCPATH/index.php(59): CodeIgniter\Boot::bootWeb(Object(Config\Paths))
WARNING - 2026-05-30 07:16:02 --> [DEPRECATED] Creation of dynamic property App\Controllers\AuthController::$authModel is deprecated in APPPATH/Controllers/AuthController.php on line 11.
 1 SYSTEMPATH/CodeIgniter.php(921): App\Controllers\AuthController->__construct()
 2 SYSTEMPATH/CodeIgniter.php(488): CodeIgniter\CodeIgniter->createController()
 3 SYSTEMPATH/CodeIgniter.php(340): CodeIgniter\CodeIgniter->handleRequest(null, Object(Config\Cache), false)
 4 SYSTEMPATH/Boot.php(417): CodeIgniter\CodeIgniter->run()
 5 SYSTEMPATH/Boot.php(68): CodeIgniter\Boot::runCodeIgniter(Object(CodeIgniter\CodeIgniter))
 6 FCPATH/index.php(59): CodeIgniter\Boot::bootWeb(Object(Config\Paths))
DEBUG - 2026-05-30 07:16:02 --> Session: Class initialized using 'CodeIgniter\Session\Handlers\FileHandler' driver.
WARNING - 2026-05-30 07:16:02 --> [DEPRECATED] Creation of dynamic property App\Controllers\AuthController::$session is deprecated in APPPATH/Controllers/BaseController.php on line 43.
 1 SYSTEMPATH/CodeIgniter.php(922): App\Controllers\BaseController->initController(Object(CodeIgniter\HTTP\IncomingRequest), Object(CodeIgniter\HTTP\Response), Object(CodeIgniter\Log\Logger))
 2 SYSTEMPATH/CodeIgniter.php(488): CodeIgniter\CodeIgniter->createController()
 3 SYSTEMPATH/CodeIgniter.php(340): CodeIgniter\CodeIgniter->handleRequest(null, Object(Config\Cache), false)
 4 SYSTEMPATH/Boot.php(417): CodeIgniter\CodeIgniter->run()
 5 SYSTEMPATH/Boot.php(68): CodeIgniter\Boot::runCodeIgniter(Object(CodeIgniter\CodeIgniter))
 6 FCPATH/index.php(59): CodeIgniter\Boot::bootWeb(Object(Config\Paths))
WARNING - 2026-05-30 07:16:02 --> [DEPRECATED] Creation of dynamic property App\Controllers\AuthController::$authModel is deprecated in APPPATH/Controllers/AuthController.php on line 11.
 1 SYSTEMPATH/CodeIgniter.php(921): App\Controllers\AuthController->__construct()
 2 SYSTEMPATH/CodeIgniter.php(488): CodeIgniter\CodeIgniter->createController()
 3 SYSTEMPATH/CodeIgniter.php(340): CodeIgniter\CodeIgniter->handleRequest(null, Object(Config\Cache), false)
 4 SYSTEMPATH/Boot.php(417): CodeIgniter\CodeIgniter->run()
 5 SYSTEMPATH/Boot.php(68): CodeIgniter\Boot::runCodeIgniter(Object(CodeIgniter\CodeIgniter))
 6 FCPATH/index.php(59): CodeIgniter\Boot::bootWeb(Object(Config\Paths))
DEBUG - 2026-05-30 07:16:02 --> Session: Class initialized using 'CodeIgniter\Session\Handlers\FileHandler' driver.
WARNING - 2026-05-30 07:16:02 --> [DEPRECATED] Creation of dynamic property App\Controllers\AuthController::$session is deprecated in APPPATH/Controllers/BaseController.php on line 43.
 1 SYSTEMPATH/CodeIgniter.php(922): App\Controllers\BaseController->initController(Object(CodeIgniter\HTTP\IncomingRequest), Object(CodeIgniter\HTTP\Response), Object(CodeIgniter\Log\Logger))
 2 SYSTEMPATH/CodeIgniter.php(488): CodeIgniter\CodeIgniter->createController()
 3 SYSTEMPATH/CodeIgniter.php(340): CodeIgniter\CodeIgniter->handleRequest(null, Object(Config\Cache), false)
 4 SYSTEMPATH/Boot.php(417): CodeIgniter\CodeIgniter->run()
 5 SYSTEMPATH/Boot.php(68): CodeIgniter\Boot::runCodeIgniter(Object(CodeIgniter\CodeIgniter))
 6 FCPATH/index.php(59): CodeIgniter\Boot::bootWeb(Object(Config\Paths))
WARNING - 2026-05-30 07:17:24 --> [DEPRECATED] Creation of dynamic property App\Controllers\AuthController::$authModel is deprecated in APPPATH/Controllers/AuthController.php on line 11.
 1 SYSTEMPATH/CodeIgniter.php(921): App\Controllers\AuthController->__construct()
 2 SYSTEMPATH/CodeIgniter.php(488): CodeIgniter\CodeIgniter->createController()
 3 SYSTEMPATH/CodeIgniter.php(340): CodeIgniter\CodeIgniter->handleRequest(null, Object(Config\Cache), false)
 4 SYSTEMPATH/Boot.php(417): CodeIgniter\CodeIgniter->run()
 5 SYSTEMPATH/Boot.php(68): CodeIgniter\Boot::runCodeIgniter(Object(CodeIgniter\CodeIgniter))
 6 FCPATH/index.php(59): CodeIgniter\Boot::bootWeb(Object(Config\Paths))
DEBUG - 2026-05-30 07:17:24 --> Session: Class initialized using 'CodeIgniter\Session\Handlers\FileHandler' driver.
WARNING - 2026-05-30 07:17:24 --> [DEPRECATED] Creation of dynamic property App\Controllers\AuthController::$session is deprecated in APPPATH/Controllers/BaseController.php on line 43.
 1 SYSTEMPATH/CodeIgniter.php(922): App\Controllers\BaseController->initController(Object(CodeIgniter\HTTP\IncomingRequest), Object(CodeIgniter\HTTP\Response), Object(CodeIgniter\Log\Logger))
 2 SYSTEMPATH/CodeIgniter.php(488): CodeIgniter\CodeIgniter->createController()
 3 SYSTEMPATH/CodeIgniter.php(340): CodeIgniter\CodeIgniter->handleRequest(null, Object(Config\Cache), false)
 4 SYSTEMPATH/Boot.php(417): CodeIgniter\CodeIgniter->run()
 5 SYSTEMPATH/Boot.php(68): CodeIgniter\Boot::runCodeIgniter(Object(CodeIgniter\CodeIgniter))
 6 FCPATH/index.php(59): CodeIgniter\Boot::bootWeb(Object(Config\Paths))
DEBUG - 2026-05-30 07:17:24 --> Session: Class initialized using 'CodeIgniter\Session\Handlers\FileHandler' driver.
WARNING - 2026-05-30 07:17:24 --> [DEPRECATED] Creation of dynamic property App\Controllers\Home::$session is deprecated in APPPATH/Controllers/BaseController.php on line 43.
 1 SYSTEMPATH/CodeIgniter.php(922): App\Controllers\BaseController->initController(Object(CodeIgniter\HTTP\IncomingRequest), Object(CodeIgniter\HTTP\Response), Object(CodeIgniter\Log\Logger))
 2 SYSTEMPATH/CodeIgniter.php(488): CodeIgniter\CodeIgniter->createController()
 3 SYSTEMPATH/CodeIgniter.php(340): CodeIgniter\CodeIgniter->handleRequest(null, Object(Config\Cache), false)
 4 SYSTEMPATH/Boot.php(417): CodeIgniter\CodeIgniter->run()
 5 SYSTEMPATH/Boot.php(68): CodeIgniter\Boot::runCodeIgniter(Object(CodeIgniter\CodeIgniter))
 6 FCPATH/index.php(59): CodeIgniter\Boot::bootWeb(Object(Config\Paths))
WARNING - 2026-05-30 07:17:30 --> [DEPRECATED] Creation of dynamic property App\Controllers\ProductController::$productsModel is deprecated in APPPATH/Controllers/ProductController.php on line 12.
 1 SYSTEMPATH/CodeIgniter.php(921): App\Controllers\ProductController->__construct()
 2 SYSTEMPATH/CodeIgniter.php(488): CodeIgniter\CodeIgniter->createController()
 3 SYSTEMPATH/CodeIgniter.php(340): CodeIgniter\CodeIgniter->handleRequest(null, Object(Config\Cache), false)
 4 SYSTEMPATH/Boot.php(417): CodeIgniter\CodeIgniter->run()
 5 SYSTEMPATH/Boot.php(68): CodeIgniter\Boot::runCodeIgniter(Object(CodeIgniter\CodeIgniter))
 6 FCPATH/index.php(59): CodeIgniter\Boot::bootWeb(Object(Config\Paths))
WARNING - 2026-05-30 07:17:30 --> [DEPRECATED] Creation of dynamic property App\Controllers\ProductController::$commonModel is deprecated in APPPATH/Controllers/ProductController.php on line 13.
 1 SYSTEMPATH/CodeIgniter.php(921): App\Controllers\ProductController->__construct()
 2 SYSTEMPATH/CodeIgniter.php(488): CodeIgniter\CodeIgniter->createController()
 3 SYSTEMPATH/CodeIgniter.php(340): CodeIgniter\CodeIgniter->handleRequest(null, Object(Config\Cache), false)
 4 SYSTEMPATH/Boot.php(417): CodeIgniter\CodeIgniter->run()
 5 SYSTEMPATH/Boot.php(68): CodeIgniter\Boot::runCodeIgniter(Object(CodeIgniter\CodeIgniter))
 6 FCPATH/index.php(59): CodeIgniter\Boot::bootWeb(Object(Config\Paths))
DEBUG - 2026-05-30 07:17:30 --> Session: Class initialized using 'CodeIgniter\Session\Handlers\FileHandler' driver.
WARNING - 2026-05-30 07:17:30 --> [DEPRECATED] Creation of dynamic property App\Controllers\ProductController::$session is deprecated in APPPATH/Controllers/BaseController.php on line 43.
 1 SYSTEMPATH/CodeIgniter.php(922): App\Controllers\BaseController->initController(Object(CodeIgniter\HTTP\IncomingRequest), Object(CodeIgniter\HTTP\Response), Object(CodeIgniter\Log\Logger))
 2 SYSTEMPATH/CodeIgniter.php(488): CodeIgniter\CodeIgniter->createController()
 3 SYSTEMPATH/CodeIgniter.php(340): CodeIgniter\CodeIgniter->handleRequest(null, Object(Config\Cache), false)
 4 SYSTEMPATH/Boot.php(417): CodeIgniter\CodeIgniter->run()
 5 SYSTEMPATH/Boot.php(68): CodeIgniter\Boot::runCodeIgniter(Object(CodeIgniter\CodeIgniter))
 6 FCPATH/index.php(59): CodeIgniter\Boot::bootWeb(Object(Config\Paths))
WARNING - 2026-05-30 07:17:30 --> [DEPRECATED] Creation of dynamic property App\Controllers\ProductController::$productsModel is deprecated in APPPATH/Controllers/ProductController.php on line 12.
 1 SYSTEMPATH/CodeIgniter.php(921): App\Controllers\ProductController->__construct()
 2 SYSTEMPATH/CodeIgniter.php(488): CodeIgniter\CodeIgniter->createController()
 3 SYSTEMPATH/CodeIgniter.php(340): CodeIgniter\CodeIgniter->handleRequest(null, Object(Config\Cache), false)
 4 SYSTEMPATH/Boot.php(417): CodeIgniter\CodeIgniter->run()
 5 SYSTEMPATH/Boot.php(68): CodeIgniter\Boot::runCodeIgniter(Object(CodeIgniter\CodeIgniter))
 6 FCPATH/index.php(59): CodeIgniter\Boot::bootWeb(Object(Config\Paths))
WARNING - 2026-05-30 07:17:30 --> [DEPRECATED] Creation of dynamic property App\Controllers\ProductController::$commonModel is deprecated in APPPATH/Controllers/ProductController.php on line 13.
 1 SYSTEMPATH/CodeIgniter.php(921): App\Controllers\ProductController->__construct()
 2 SYSTEMPATH/CodeIgniter.php(488): CodeIgniter\CodeIgniter->createController()
 3 SYSTEMPATH/CodeIgniter.php(340): CodeIgniter\CodeIgniter->handleRequest(null, Object(Config\Cache), false)
 4 SYSTEMPATH/Boot.php(417): CodeIgniter\CodeIgniter->run()
 5 SYSTEMPATH/Boot.php(68): CodeIgniter\Boot::runCodeIgniter(Object(CodeIgniter\CodeIgniter))
 6 FCPATH/index.php(59): CodeIgniter\Boot::bootWeb(Object(Config\Paths))
DEBUG - 2026-05-30 07:17:30 --> Session: Class initialized using 'CodeIgniter\Session\Handlers\FileHandler' driver.
WARNING - 2026-05-30 07:17:30 --> [DEPRECATED] Creation of dynamic property App\Controllers\ProductController::$session is deprecated in APPPATH/Controllers/BaseController.php on line 43.
 1 SYSTEMPATH/CodeIgniter.php(922): App\Controllers\BaseController->initController(Object(CodeIgniter\HTTP\IncomingRequest), Object(CodeIgniter\HTTP\Response), Object(CodeIgniter\Log\Logger))
 2 SYSTEMPATH/CodeIgniter.php(488): CodeIgniter\CodeIgniter->createController()
 3 SYSTEMPATH/CodeIgniter.php(340): CodeIgniter\CodeIgniter->handleRequest(null, Object(Config\Cache), false)
 4 SYSTEMPATH/Boot.php(417): CodeIgniter\CodeIgniter->run()
 5 SYSTEMPATH/Boot.php(68): CodeIgniter\Boot::runCodeIgniter(Object(CodeIgniter\CodeIgniter))
 6 FCPATH/index.php(59): CodeIgniter\Boot::bootWeb(Object(Config\Paths))
WARNING - 2026-05-30 07:20:07 --> [DEPRECATED] Creation of dynamic property App\Controllers\ProductController::$productsModel is deprecated in APPPATH/Controllers/ProductController.php on line 12.
 1 SYSTEMPATH/CodeIgniter.php(921): App\Controllers\ProductController->__construct()
 2 SYSTEMPATH/CodeIgniter.php(488): CodeIgniter\CodeIgniter->createController()
 3 SYSTEMPATH/CodeIgniter.php(340): CodeIgniter\CodeIgniter->handleRequest(null, Object(Config\Cache), false)
 4 SYSTEMPATH/Boot.php(417): CodeIgniter\CodeIgniter->run()
 5 SYSTEMPATH/Boot.php(68): CodeIgniter\Boot::runCodeIgniter(Object(CodeIgniter\CodeIgniter))
 6 FCPATH/index.php(59): CodeIgniter\Boot::bootWeb(Object(Config\Paths))
WARNING - 2026-05-30 07:20:07 --> [DEPRECATED] Creation of dynamic property App\Controllers\ProductController::$commonModel is deprecated in APPPATH/Controllers/ProductController.php on line 13.
 1 SYSTEMPATH/CodeIgniter.php(921): App\Controllers\ProductController->__construct()
 2 SYSTEMPATH/CodeIgniter.php(488): CodeIgniter\CodeIgniter->createController()
 3 SYSTEMPATH/CodeIgniter.php(340): CodeIgniter\CodeIgniter->handleRequest(null, Object(Config\Cache), false)
 4 SYSTEMPATH/Boot.php(417): CodeIgniter\CodeIgniter->run()
 5 SYSTEMPATH/Boot.php(68): CodeIgniter\Boot::runCodeIgniter(Object(CodeIgniter\CodeIgniter))
 6 FCPATH/index.php(59): CodeIgniter\Boot::bootWeb(Object(Config\Paths))
DEBUG - 2026-05-30 07:20:07 --> Session: Class initialized using 'CodeIgniter\Session\Handlers\FileHandler' driver.
WARNING - 2026-05-30 07:20:07 --> [DEPRECATED] Creation of dynamic property App\Controllers\ProductController::$session is deprecated in APPPATH/Controllers/BaseController.php on line 43.
 1 SYSTEMPATH/CodeIgniter.php(922): App\Controllers\BaseController->initController(Object(CodeIgniter\HTTP\IncomingRequest), Object(CodeIgniter\HTTP\Response), Object(CodeIgniter\Log\Logger))
 2 SYSTEMPATH/CodeIgniter.php(488): CodeIgniter\CodeIgniter->createController()
 3 SYSTEMPATH/CodeIgniter.php(340): CodeIgniter\CodeIgniter->handleRequest(null, Object(Config\Cache), false)
 4 SYSTEMPATH/Boot.php(417): CodeIgniter\CodeIgniter->run()
 5 SYSTEMPATH/Boot.php(68): CodeIgniter\Boot::runCodeIgniter(Object(CodeIgniter\CodeIgniter))
 6 FCPATH/index.php(59): CodeIgniter\Boot::bootWeb(Object(Config\Paths))
WARNING - 2026-05-30 07:20:07 --> [DEPRECATED] Creation of dynamic property App\Controllers\ProductController::$productsModel is deprecated in APPPATH/Controllers/ProductController.php on line 12.
 1 SYSTEMPATH/CodeIgniter.php(921): App\Controllers\ProductController->__construct()
 2 SYSTEMPATH/CodeIgniter.php(488): CodeIgniter\CodeIgniter->createController()
 3 SYSTEMPATH/CodeIgniter.php(340): CodeIgniter\CodeIgniter->handleRequest(null, Object(Config\Cache), false)
 4 SYSTEMPATH/Boot.php(417): CodeIgniter\CodeIgniter->run()
 5 SYSTEMPATH/Boot.php(68): CodeIgniter\Boot::runCodeIgniter(Object(CodeIgniter\CodeIgniter))
 6 FCPATH/index.php(59): CodeIgniter\Boot::bootWeb(Object(Config\Paths))
WARNING - 2026-05-30 07:20:07 --> [DEPRECATED] Creation of dynamic property App\Controllers\ProductController::$commonModel is deprecated in APPPATH/Controllers/ProductController.php on line 13.
 1 SYSTEMPATH/CodeIgniter.php(921): App\Controllers\ProductController->__construct()
 2 SYSTEMPATH/CodeIgniter.php(488): CodeIgniter\CodeIgniter->createController()
 3 SYSTEMPATH/CodeIgniter.php(340): CodeIgniter\CodeIgniter->handleRequest(null, Object(Config\Cache), false)
 4 SYSTEMPATH/Boot.php(417): CodeIgniter\CodeIgniter->run()
 5 SYSTEMPATH/Boot.php(68): CodeIgniter\Boot::runCodeIgniter(Object(CodeIgniter\CodeIgniter))
 6 FCPATH/index.php(59): CodeIgniter\Boot::bootWeb(Object(Config\Paths))
DEBUG - 2026-05-30 07:20:07 --> Session: Class initialized using 'CodeIgniter\Session\Handlers\FileHandler' driver.
WARNING - 2026-05-30 07:20:07 --> [DEPRECATED] Creation of dynamic property App\Controllers\ProductController::$session is deprecated in APPPATH/Controllers/BaseController.php on line 43.
 1 SYSTEMPATH/CodeIgniter.php(922): App\Controllers\BaseController->initController(Object(CodeIgniter\HTTP\IncomingRequest), Object(CodeIgniter\HTTP\Response), Object(CodeIgniter\Log\Logger))
 2 SYSTEMPATH/CodeIgniter.php(488): CodeIgniter\CodeIgniter->createController()
 3 SYSTEMPATH/CodeIgniter.php(340): CodeIgniter\CodeIgniter->handleRequest(null, Object(Config\Cache), false)
 4 SYSTEMPATH/Boot.php(417): CodeIgniter\CodeIgniter->run()
 5 SYSTEMPATH/Boot.php(68): CodeIgniter\Boot::runCodeIgniter(Object(CodeIgniter\CodeIgniter))
 6 FCPATH/index.php(59): CodeIgniter\Boot::bootWeb(Object(Config\Paths))
WARNING - 2026-05-30 07:21:16 --> [DEPRECATED] Creation of dynamic property App\Controllers\ProductController::$productsModel is deprecated in APPPATH/Controllers/ProductController.php on line 12.
 1 SYSTEMPATH/CodeIgniter.php(921): App\Controllers\ProductController->__construct()
 2 SYSTEMPATH/CodeIgniter.php(488): CodeIgniter\CodeIgniter->createController()
 3 SYSTEMPATH/CodeIgniter.php(340): CodeIgniter\CodeIgniter->handleRequest(null, Object(Config\Cache), false)
 4 SYSTEMPATH/Boot.php(417): CodeIgniter\CodeIgniter->run()
 5 SYSTEMPATH/Boot.php(68): CodeIgniter\Boot::runCodeIgniter(Object(CodeIgniter\CodeIgniter))
 6 FCPATH/index.php(59): CodeIgniter\Boot::bootWeb(Object(Config\Paths))
WARNING - 2026-05-30 07:21:16 --> [DEPRECATED] Creation of dynamic property App\Controllers\ProductController::$commonModel is deprecated in APPPATH/Controllers/ProductController.php on line 13.
 1 SYSTEMPATH/CodeIgniter.php(921): App\Controllers\ProductController->__construct()
 2 SYSTEMPATH/CodeIgniter.php(488): CodeIgniter\CodeIgniter->createController()
 3 SYSTEMPATH/CodeIgniter.php(340): CodeIgniter\CodeIgniter->handleRequest(null, Object(Config\Cache), false)
 4 SYSTEMPATH/Boot.php(417): CodeIgniter\CodeIgniter->run()
 5 SYSTEMPATH/Boot.php(68): CodeIgniter\Boot::runCodeIgniter(Object(CodeIgniter\CodeIgniter))
 6 FCPATH/index.php(59): CodeIgniter\Boot::bootWeb(Object(Config\Paths))
DEBUG - 2026-05-30 07:21:16 --> Session: Class initialized using 'CodeIgniter\Session\Handlers\FileHandler' driver.
WARNING - 2026-05-30 07:21:16 --> [DEPRECATED] Creation of dynamic property App\Controllers\ProductController::$session is deprecated in APPPATH/Controllers/BaseController.php on line 43.
 1 SYSTEMPATH/CodeIgniter.php(922): App\Controllers\BaseController->initController(Object(CodeIgniter\HTTP\IncomingRequest), Object(CodeIgniter\HTTP\Response), Object(CodeIgniter\Log\Logger))
 2 SYSTEMPATH/CodeIgniter.php(488): CodeIgniter\CodeIgniter->createController()
 3 SYSTEMPATH/CodeIgniter.php(340): CodeIgniter\CodeIgniter->handleRequest(null, Object(Config\Cache), false)
 4 SYSTEMPATH/Boot.php(417): CodeIgniter\CodeIgniter->run()
 5 SYSTEMPATH/Boot.php(68): CodeIgniter\Boot::runCodeIgniter(Object(CodeIgniter\CodeIgniter))
 6 FCPATH/index.php(59): CodeIgniter\Boot::bootWeb(Object(Config\Paths))
WARNING - 2026-05-30 07:21:17 --> [DEPRECATED] Creation of dynamic property App\Controllers\ProductController::$productsModel is deprecated in APPPATH/Controllers/ProductController.php on line 12.
 1 SYSTEMPATH/CodeIgniter.php(921): App\Controllers\ProductController->__construct()
 2 SYSTEMPATH/CodeIgniter.php(488): CodeIgniter\CodeIgniter->createController()
 3 SYSTEMPATH/CodeIgniter.php(340): CodeIgniter\CodeIgniter->handleRequest(null, Object(Config\Cache), false)
 4 SYSTEMPATH/Boot.php(417): CodeIgniter\CodeIgniter->run()
 5 SYSTEMPATH/Boot.php(68): CodeIgniter\Boot::runCodeIgniter(Object(CodeIgniter\CodeIgniter))
 6 FCPATH/index.php(59): CodeIgniter\Boot::bootWeb(Object(Config\Paths))
WARNING - 2026-05-30 07:21:17 --> [DEPRECATED] Creation of dynamic property App\Controllers\ProductController::$commonModel is deprecated in APPPATH/Controllers/ProductController.php on line 13.
 1 SYSTEMPATH/CodeIgniter.php(921): App\Controllers\ProductController->__construct()
 2 SYSTEMPATH/CodeIgniter.php(488): CodeIgniter\CodeIgniter->createController()
 3 SYSTEMPATH/CodeIgniter.php(340): CodeIgniter\CodeIgniter->handleRequest(null, Object(Config\Cache), false)
 4 SYSTEMPATH/Boot.php(417): CodeIgniter\CodeIgniter->run()
 5 SYSTEMPATH/Boot.php(68): CodeIgniter\Boot::runCodeIgniter(Object(CodeIgniter\CodeIgniter))
 6 FCPATH/index.php(59): CodeIgniter\Boot::bootWeb(Object(Config\Paths))
DEBUG - 2026-05-30 07:21:17 --> Session: Class initialized using 'CodeIgniter\Session\Handlers\FileHandler' driver.
WARNING - 2026-05-30 07:21:17 --> [DEPRECATED] Creation of dynamic property App\Controllers\ProductController::$session is deprecated in APPPATH/Controllers/BaseController.php on line 43.
 1 SYSTEMPATH/CodeIgniter.php(922): App\Controllers\BaseController->initController(Object(CodeIgniter\HTTP\IncomingRequest), Object(CodeIgniter\HTTP\Response), Object(CodeIgniter\Log\Logger))
 2 SYSTEMPATH/CodeIgniter.php(488): CodeIgniter\CodeIgniter->createController()
 3 SYSTEMPATH/CodeIgniter.php(340): CodeIgniter\CodeIgniter->handleRequest(null, Object(Config\Cache), false)
 4 SYSTEMPATH/Boot.php(417): CodeIgniter\CodeIgniter->run()
 5 SYSTEMPATH/Boot.php(68): CodeIgniter\Boot::runCodeIgniter(Object(CodeIgniter\CodeIgniter))
 6 FCPATH/index.php(59): CodeIgniter\Boot::bootWeb(Object(Config\Paths))
WARNING - 2026-05-30 07:21:22 --> [DEPRECATED] Creation of dynamic property App\Controllers\ProductController::$productsModel is deprecated in APPPATH/Controllers/ProductController.php on line 12.
 1 SYSTEMPATH/CodeIgniter.php(921): App\Controllers\ProductController->__construct()
 2 SYSTEMPATH/CodeIgniter.php(488): CodeIgniter\CodeIgniter->createController()
 3 SYSTEMPATH/CodeIgniter.php(340): CodeIgniter\CodeIgniter->handleRequest(null, Object(Config\Cache), false)
 4 SYSTEMPATH/Boot.php(417): CodeIgniter\CodeIgniter->run()
 5 SYSTEMPATH/Boot.php(68): CodeIgniter\Boot::runCodeIgniter(Object(CodeIgniter\CodeIgniter))
 6 FCPATH/index.php(59): CodeIgniter\Boot::bootWeb(Object(Config\Paths))
WARNING - 2026-05-30 07:21:22 --> [DEPRECATED] Creation of dynamic property App\Controllers\ProductController::$commonModel is deprecated in APPPATH/Controllers/ProductController.php on line 13.
 1 SYSTEMPATH/CodeIgniter.php(921): App\Controllers\ProductController->__construct()
 2 SYSTEMPATH/CodeIgniter.php(488): CodeIgniter\CodeIgniter->createController()
 3 SYSTEMPATH/CodeIgniter.php(340): CodeIgniter\CodeIgniter->handleRequest(null, Object(Config\Cache), false)
 4 SYSTEMPATH/Boot.php(417): CodeIgniter\CodeIgniter->run()
 5 SYSTEMPATH/Boot.php(68): CodeIgniter\Boot::runCodeIgniter(Object(CodeIgniter\CodeIgniter))
 6 FCPATH/index.php(59): CodeIgniter\Boot::bootWeb(Object(Config\Paths))
DEBUG - 2026-05-30 07:21:22 --> Session: Class initialized using 'CodeIgniter\Session\Handlers\FileHandler' driver.
WARNING - 2026-05-30 07:21:22 --> [DEPRECATED] Creation of dynamic property App\Controllers\ProductController::$session is deprecated in APPPATH/Controllers/BaseController.php on line 43.
 1 SYSTEMPATH/CodeIgniter.php(922): App\Controllers\BaseController->initController(Object(CodeIgniter\HTTP\IncomingRequest), Object(CodeIgniter\HTTP\Response), Object(CodeIgniter\Log\Logger))
 2 SYSTEMPATH/CodeIgniter.php(488): CodeIgniter\CodeIgniter->createController()
 3 SYSTEMPATH/CodeIgniter.php(340): CodeIgniter\CodeIgniter->handleRequest(null, Object(Config\Cache), false)
 4 SYSTEMPATH/Boot.php(417): CodeIgniter\CodeIgniter->run()
 5 SYSTEMPATH/Boot.php(68): CodeIgniter\Boot::runCodeIgniter(Object(CodeIgniter\CodeIgniter))
 6 FCPATH/index.php(59): CodeIgniter\Boot::bootWeb(Object(Config\Paths))
WARNING - 2026-05-30 07:21:23 --> [DEPRECATED] Creation of dynamic property App\Controllers\ProductController::$productsModel is deprecated in APPPATH/Controllers/ProductController.php on line 12.
 1 SYSTEMPATH/CodeIgniter.php(921): App\Controllers\ProductController->__construct()
 2 SYSTEMPATH/CodeIgniter.php(488): CodeIgniter\CodeIgniter->createController()
 3 SYSTEMPATH/CodeIgniter.php(340): CodeIgniter\CodeIgniter->handleRequest(null, Object(Config\Cache), false)
 4 SYSTEMPATH/Boot.php(417): CodeIgniter\CodeIgniter->run()
 5 SYSTEMPATH/Boot.php(68): CodeIgniter\Boot::runCodeIgniter(Object(CodeIgniter\CodeIgniter))
 6 FCPATH/index.php(59): CodeIgniter\Boot::bootWeb(Object(Config\Paths))
WARNING - 2026-05-30 07:21:23 --> [DEPRECATED] Creation of dynamic property App\Controllers\ProductController::$commonModel is deprecated in APPPATH/Controllers/ProductController.php on line 13.
 1 SYSTEMPATH/CodeIgniter.php(921): App\Controllers\ProductController->__construct()
 2 SYSTEMPATH/CodeIgniter.php(488): CodeIgniter\CodeIgniter->createController()
 3 SYSTEMPATH/CodeIgniter.php(340): CodeIgniter\CodeIgniter->handleRequest(null, Object(Config\Cache), false)
 4 SYSTEMPATH/Boot.php(417): CodeIgniter\CodeIgniter->run()
 5 SYSTEMPATH/Boot.php(68): CodeIgniter\Boot::runCodeIgniter(Object(CodeIgniter\CodeIgniter))
 6 FCPATH/index.php(59): CodeIgniter\Boot::bootWeb(Object(Config\Paths))
DEBUG - 2026-05-30 07:21:23 --> Session: Class initialized using 'CodeIgniter\Session\Handlers\FileHandler' driver.
WARNING - 2026-05-30 07:21:23 --> [DEPRECATED] Creation of dynamic property App\Controllers\ProductController::$session is deprecated in APPPATH/Controllers/BaseController.php on line 43.
 1 SYSTEMPATH/CodeIgniter.php(922): App\Controllers\BaseController->initController(Object(CodeIgniter\HTTP\IncomingRequest), Object(CodeIgniter\HTTP\Response), Object(CodeIgniter\Log\Logger))
 2 SYSTEMPATH/CodeIgniter.php(488): CodeIgniter\CodeIgniter->createController()
 3 SYSTEMPATH/CodeIgniter.php(340): CodeIgniter\CodeIgniter->handleRequest(null, Object(Config\Cache), false)
 4 SYSTEMPATH/Boot.php(417): CodeIgniter\CodeIgniter->run()
 5 SYSTEMPATH/Boot.php(68): CodeIgniter\Boot::runCodeIgniter(Object(CodeIgniter\CodeIgniter))
 6 FCPATH/index.php(59): CodeIgniter\Boot::bootWeb(Object(Config\Paths))
WARNING - 2026-05-30 07:21:24 --> [DEPRECATED] Creation of dynamic property App\Controllers\TransactionController::$productsModel is deprecated in APPPATH/Controllers/TransactionController.php on line 12.
 1 SYSTEMPATH/CodeIgniter.php(921): App\Controllers\TransactionController->__construct()
 2 SYSTEMPATH/CodeIgniter.php(488): CodeIgniter\CodeIgniter->createController()
 3 SYSTEMPATH/CodeIgniter.php(340): CodeIgniter\CodeIgniter->handleRequest(null, Object(Config\Cache), false)
 4 SYSTEMPATH/Boot.php(417): CodeIgniter\CodeIgniter->run()
 5 SYSTEMPATH/Boot.php(68): CodeIgniter\Boot::runCodeIgniter(Object(CodeIgniter\CodeIgniter))
 6 FCPATH/index.php(59): CodeIgniter\Boot::bootWeb(Object(Config\Paths))
WARNING - 2026-05-30 07:21:24 --> [DEPRECATED] Creation of dynamic property App\Controllers\TransactionController::$commonModel is deprecated in APPPATH/Controllers/TransactionController.php on line 13.
 1 SYSTEMPATH/CodeIgniter.php(921): App\Controllers\TransactionController->__construct()
 2 SYSTEMPATH/CodeIgniter.php(488): CodeIgniter\CodeIgniter->createController()
 3 SYSTEMPATH/CodeIgniter.php(340): CodeIgniter\CodeIgniter->handleRequest(null, Object(Config\Cache), false)
 4 SYSTEMPATH/Boot.php(417): CodeIgniter\CodeIgniter->run()
 5 SYSTEMPATH/Boot.php(68): CodeIgniter\Boot::runCodeIgniter(Object(CodeIgniter\CodeIgniter))
 6 FCPATH/index.php(59): CodeIgniter\Boot::bootWeb(Object(Config\Paths))
DEBUG - 2026-05-30 07:21:24 --> Session: Class initialized using 'CodeIgniter\Session\Handlers\FileHandler' driver.
WARNING - 2026-05-30 07:21:24 --> [DEPRECATED] Creation of dynamic property App\Controllers\TransactionController::$session is deprecated in APPPATH/Controllers/BaseController.php on line 43.
 1 SYSTEMPATH/CodeIgniter.php(922): App\Controllers\BaseController->initController(Object(CodeIgniter\HTTP\IncomingRequest), Object(CodeIgniter\HTTP\Response), Object(CodeIgniter\Log\Logger))
 2 SYSTEMPATH/CodeIgniter.php(488): CodeIgniter\CodeIgniter->createController()
 3 SYSTEMPATH/CodeIgniter.php(340): CodeIgniter\CodeIgniter->handleRequest(null, Object(Config\Cache), false)
 4 SYSTEMPATH/Boot.php(417): CodeIgniter\CodeIgniter->run()
 5 SYSTEMPATH/Boot.php(68): CodeIgniter\Boot::runCodeIgniter(Object(CodeIgniter\CodeIgniter))
 6 FCPATH/index.php(59): CodeIgniter\Boot::bootWeb(Object(Config\Paths))
WARNING - 2026-05-30 07:21:30 --> [DEPRECATED] Creation of dynamic property App\Controllers\ManagementController::$commonModel is deprecated in APPPATH/Controllers/ManagementController.php on line 12.
 1 SYSTEMPATH/CodeIgniter.php(921): App\Controllers\ManagementController->__construct()
 2 SYSTEMPATH/CodeIgniter.php(488): CodeIgniter\CodeIgniter->createController()
 3 SYSTEMPATH/CodeIgniter.php(340): CodeIgniter\CodeIgniter->handleRequest(null, Object(Config\Cache), false)
 4 SYSTEMPATH/Boot.php(417): CodeIgniter\CodeIgniter->run()
 5 SYSTEMPATH/Boot.php(68): CodeIgniter\Boot::runCodeIgniter(Object(CodeIgniter\CodeIgniter))
 6 FCPATH/index.php(59): CodeIgniter\Boot::bootWeb(Object(Config\Paths))
WARNING - 2026-05-30 07:21:30 --> [DEPRECATED] Creation of dynamic property App\Controllers\ManagementController::$managementModel is deprecated in APPPATH/Controllers/ManagementController.php on line 13.
 1 SYSTEMPATH/CodeIgniter.php(921): App\Controllers\ManagementController->__construct()
 2 SYSTEMPATH/CodeIgniter.php(488): CodeIgniter\CodeIgniter->createController()
 3 SYSTEMPATH/CodeIgniter.php(340): CodeIgniter\CodeIgniter->handleRequest(null, Object(Config\Cache), false)
 4 SYSTEMPATH/Boot.php(417): CodeIgniter\CodeIgniter->run()
 5 SYSTEMPATH/Boot.php(68): CodeIgniter\Boot::runCodeIgniter(Object(CodeIgniter\CodeIgniter))
 6 FCPATH/index.php(59): CodeIgniter\Boot::bootWeb(Object(Config\Paths))
DEBUG - 2026-05-30 07:21:30 --> Session: Class initialized using 'CodeIgniter\Session\Handlers\FileHandler' driver.
WARNING - 2026-05-30 07:21:30 --> [DEPRECATED] Creation of dynamic property App\Controllers\ManagementController::$session is deprecated in APPPATH/Controllers/BaseController.php on line 43.
 1 SYSTEMPATH/CodeIgniter.php(922): App\Controllers\BaseController->initController(Object(CodeIgniter\HTTP\IncomingRequest), Object(CodeIgniter\HTTP\Response), Object(CodeIgniter\Log\Logger))
 2 SYSTEMPATH/CodeIgniter.php(488): CodeIgniter\CodeIgniter->createController()
 3 SYSTEMPATH/CodeIgniter.php(340): CodeIgniter\CodeIgniter->handleRequest(null, Object(Config\Cache), false)
 4 SYSTEMPATH/Boot.php(417): CodeIgniter\CodeIgniter->run()
 5 SYSTEMPATH/Boot.php(68): CodeIgniter\Boot::runCodeIgniter(Object(CodeIgniter\CodeIgniter))
 6 FCPATH/index.php(59): CodeIgniter\Boot::bootWeb(Object(Config\Paths))
WARNING - 2026-05-30 07:21:30 --> [DEPRECATED] Creation of dynamic property App\Controllers\ManagementController::$commonModel is deprecated in APPPATH/Controllers/ManagementController.php on line 12.
 1 SYSTEMPATH/CodeIgniter.php(921): App\Controllers\ManagementController->__construct()
 2 SYSTEMPATH/CodeIgniter.php(488): CodeIgniter\CodeIgniter->createController()
 3 SYSTEMPATH/CodeIgniter.php(340): CodeIgniter\CodeIgniter->handleRequest(null, Object(Config\Cache), false)
 4 SYSTEMPATH/Boot.php(417): CodeIgniter\CodeIgniter->run()
 5 SYSTEMPATH/Boot.php(68): CodeIgniter\Boot::runCodeIgniter(Object(CodeIgniter\CodeIgniter))
 6 FCPATH/index.php(59): CodeIgniter\Boot::bootWeb(Object(Config\Paths))
WARNING - 2026-05-30 07:21:30 --> [DEPRECATED] Creation of dynamic property App\Controllers\ManagementController::$managementModel is deprecated in APPPATH/Controllers/ManagementController.php on line 13.
 1 SYSTEMPATH/CodeIgniter.php(921): App\Controllers\ManagementController->__construct()
 2 SYSTEMPATH/CodeIgniter.php(488): CodeIgniter\CodeIgniter->createController()
 3 SYSTEMPATH/CodeIgniter.php(340): CodeIgniter\CodeIgniter->handleRequest(null, Object(Config\Cache), false)
 4 SYSTEMPATH/Boot.php(417): CodeIgniter\CodeIgniter->run()
 5 SYSTEMPATH/Boot.php(68): CodeIgniter\Boot::runCodeIgniter(Object(CodeIgniter\CodeIgniter))
 6 FCPATH/index.php(59): CodeIgniter\Boot::bootWeb(Object(Config\Paths))
DEBUG - 2026-05-30 07:21:30 --> Session: Class initialized using 'CodeIgniter\Session\Handlers\FileHandler' driver.
WARNING - 2026-05-30 07:21:30 --> [DEPRECATED] Creation of dynamic property App\Controllers\ManagementController::$session is deprecated in APPPATH/Controllers/BaseController.php on line 43.
 1 SYSTEMPATH/CodeIgniter.php(922): App\Controllers\BaseController->initController(Object(CodeIgniter\HTTP\IncomingRequest), Object(CodeIgniter\HTTP\Response), Object(CodeIgniter\Log\Logger))
 2 SYSTEMPATH/CodeIgniter.php(488): CodeIgniter\CodeIgniter->createController()
 3 SYSTEMPATH/CodeIgniter.php(340): CodeIgniter\CodeIgniter->handleRequest(null, Object(Config\Cache), false)
 4 SYSTEMPATH/Boot.php(417): CodeIgniter\CodeIgniter->run()
 5 SYSTEMPATH/Boot.php(68): CodeIgniter\Boot::runCodeIgniter(Object(CodeIgniter\CodeIgniter))
 6 FCPATH/index.php(59): CodeIgniter\Boot::bootWeb(Object(Config\Paths))
WARNING - 2026-05-30 07:22:10 --> [DEPRECATED] Creation of dynamic property App\Controllers\ManagementController::$commonModel is deprecated in APPPATH/Controllers/ManagementController.php on line 12.
 1 SYSTEMPATH/CodeIgniter.php(921): App\Controllers\ManagementController->__construct()
 2 SYSTEMPATH/CodeIgniter.php(488): CodeIgniter\CodeIgniter->createController()
 3 SYSTEMPATH/CodeIgniter.php(340): CodeIgniter\CodeIgniter->handleRequest(null, Object(Config\Cache), false)
 4 SYSTEMPATH/Boot.php(417): CodeIgniter\CodeIgniter->run()
 5 SYSTEMPATH/Boot.php(68): CodeIgniter\Boot::runCodeIgniter(Object(CodeIgniter\CodeIgniter))
 6 FCPATH/index.php(59): CodeIgniter\Boot::bootWeb(Object(Config\Paths))
WARNING - 2026-05-30 07:22:10 --> [DEPRECATED] Creation of dynamic property App\Controllers\ManagementController::$managementModel is deprecated in APPPATH/Controllers/ManagementController.php on line 13.
 1 SYSTEMPATH/CodeIgniter.php(921): App\Controllers\ManagementController->__construct()
 2 SYSTEMPATH/CodeIgniter.php(488): CodeIgniter\CodeIgniter->createController()
 3 SYSTEMPATH/CodeIgniter.php(340): CodeIgniter\CodeIgniter->handleRequest(null, Object(Config\Cache), false)
 4 SYSTEMPATH/Boot.php(417): CodeIgniter\CodeIgniter->run()
 5 SYSTEMPATH/Boot.php(68): CodeIgniter\Boot::runCodeIgniter(Object(CodeIgniter\CodeIgniter))
 6 FCPATH/index.php(59): CodeIgniter\Boot::bootWeb(Object(Config\Paths))
DEBUG - 2026-05-30 07:22:10 --> Session: Class initialized using 'CodeIgniter\Session\Handlers\FileHandler' driver.
WARNING - 2026-05-30 07:22:10 --> [DEPRECATED] Creation of dynamic property App\Controllers\ManagementController::$session is deprecated in APPPATH/Controllers/BaseController.php on line 43.
 1 SYSTEMPATH/CodeIgniter.php(922): App\Controllers\BaseController->initController(Object(CodeIgniter\HTTP\IncomingRequest), Object(CodeIgniter\HTTP\Response), Object(CodeIgniter\Log\Logger))
 2 SYSTEMPATH/CodeIgniter.php(488): CodeIgniter\CodeIgniter->createController()
 3 SYSTEMPATH/CodeIgniter.php(340): CodeIgniter\CodeIgniter->handleRequest(null, Object(Config\Cache), false)
 4 SYSTEMPATH/Boot.php(417): CodeIgniter\CodeIgniter->run()
 5 SYSTEMPATH/Boot.php(68): CodeIgniter\Boot::runCodeIgniter(Object(CodeIgniter\CodeIgniter))
 6 FCPATH/index.php(59): CodeIgniter\Boot::bootWeb(Object(Config\Paths))
WARNING - 2026-05-30 07:22:11 --> [DEPRECATED] Creation of dynamic property App\Controllers\ManagementController::$commonModel is deprecated in APPPATH/Controllers/ManagementController.php on line 12.
 1 SYSTEMPATH/CodeIgniter.php(921): App\Controllers\ManagementController->__construct()
 2 SYSTEMPATH/CodeIgniter.php(488): CodeIgniter\CodeIgniter->createController()
 3 SYSTEMPATH/CodeIgniter.php(340): CodeIgniter\CodeIgniter->handleRequest(null, Object(Config\Cache), false)
 4 SYSTEMPATH/Boot.php(417): CodeIgniter\CodeIgniter->run()
 5 SYSTEMPATH/Boot.php(68): CodeIgniter\Boot::runCodeIgniter(Object(CodeIgniter\CodeIgniter))
 6 FCPATH/index.php(59): CodeIgniter\Boot::bootWeb(Object(Config\Paths))
WARNING - 2026-05-30 07:22:11 --> [DEPRECATED] Creation of dynamic property App\Controllers\ManagementController::$managementModel is deprecated in APPPATH/Controllers/ManagementController.php on line 13.
 1 SYSTEMPATH/CodeIgniter.php(921): App\Controllers\ManagementController->__construct()
 2 SYSTEMPATH/CodeIgniter.php(488): CodeIgniter\CodeIgniter->createController()
 3 SYSTEMPATH/CodeIgniter.php(340): CodeIgniter\CodeIgniter->handleRequest(null, Object(Config\Cache), false)
 4 SYSTEMPATH/Boot.php(417): CodeIgniter\CodeIgniter->run()
 5 SYSTEMPATH/Boot.php(68): CodeIgniter\Boot::runCodeIgniter(Object(CodeIgniter\CodeIgniter))
 6 FCPATH/index.php(59): CodeIgniter\Boot::bootWeb(Object(Config\Paths))
DEBUG - 2026-05-30 07:22:11 --> Session: Class initialized using 'CodeIgniter\Session\Handlers\FileHandler' driver.
WARNING - 2026-05-30 07:22:11 --> [DEPRECATED] Creation of dynamic property App\Controllers\ManagementController::$session is deprecated in APPPATH/Controllers/BaseController.php on line 43.
 1 SYSTEMPATH/CodeIgniter.php(922): App\Controllers\BaseController->initController(Object(CodeIgniter\HTTP\IncomingRequest), Object(CodeIgniter\HTTP\Response), Object(CodeIgniter\Log\Logger))
 2 SYSTEMPATH/CodeIgniter.php(488): CodeIgniter\CodeIgniter->createController()
 3 SYSTEMPATH/CodeIgniter.php(340): CodeIgniter\CodeIgniter->handleRequest(null, Object(Config\Cache), false)
 4 SYSTEMPATH/Boot.php(417): CodeIgniter\CodeIgniter->run()
 5 SYSTEMPATH/Boot.php(68): CodeIgniter\Boot::runCodeIgniter(Object(CodeIgniter\CodeIgniter))
 6 FCPATH/index.php(59): CodeIgniter\Boot::bootWeb(Object(Config\Paths))
WARNING - 2026-05-30 07:22:22 --> [DEPRECATED] Creation of dynamic property App\Controllers\ManagementController::$commonModel is deprecated in APPPATH/Controllers/ManagementController.php on line 12.
 1 SYSTEMPATH/CodeIgniter.php(921): App\Controllers\ManagementController->__construct()
 2 SYSTEMPATH/CodeIgniter.php(488): CodeIgniter\CodeIgniter->createController()
 3 SYSTEMPATH/CodeIgniter.php(340): CodeIgniter\CodeIgniter->handleRequest(null, Object(Config\Cache), false)
 4 SYSTEMPATH/Boot.php(417): CodeIgniter\CodeIgniter->run()
 5 SYSTEMPATH/Boot.php(68): CodeIgniter\Boot::runCodeIgniter(Object(CodeIgniter\CodeIgniter))
 6 FCPATH/index.php(59): CodeIgniter\Boot::bootWeb(Object(Config\Paths))
WARNING - 2026-05-30 07:22:22 --> [DEPRECATED] Creation of dynamic property App\Controllers\ManagementController::$managementModel is deprecated in APPPATH/Controllers/ManagementController.php on line 13.
 1 SYSTEMPATH/CodeIgniter.php(921): App\Controllers\ManagementController->__construct()
 2 SYSTEMPATH/CodeIgniter.php(488): CodeIgniter\CodeIgniter->createController()
 3 SYSTEMPATH/CodeIgniter.php(340): CodeIgniter\CodeIgniter->handleRequest(null, Object(Config\Cache), false)
 4 SYSTEMPATH/Boot.php(417): CodeIgniter\CodeIgniter->run()
 5 SYSTEMPATH/Boot.php(68): CodeIgniter\Boot::runCodeIgniter(Object(CodeIgniter\CodeIgniter))
 6 FCPATH/index.php(59): CodeIgniter\Boot::bootWeb(Object(Config\Paths))
DEBUG - 2026-05-30 07:22:22 --> Session: Class initialized using 'CodeIgniter\Session\Handlers\FileHandler' driver.
WARNING - 2026-05-30 07:22:22 --> [DEPRECATED] Creation of dynamic property App\Controllers\ManagementController::$session is deprecated in APPPATH/Controllers/BaseController.php on line 43.
 1 SYSTEMPATH/CodeIgniter.php(922): App\Controllers\BaseController->initController(Object(CodeIgniter\HTTP\IncomingRequest), Object(CodeIgniter\HTTP\Response), Object(CodeIgniter\Log\Logger))
 2 SYSTEMPATH/CodeIgniter.php(488): CodeIgniter\CodeIgniter->createController()
 3 SYSTEMPATH/CodeIgniter.php(340): CodeIgniter\CodeIgniter->handleRequest(null, Object(Config\Cache), false)
 4 SYSTEMPATH/Boot.php(417): CodeIgniter\CodeIgniter->run()
 5 SYSTEMPATH/Boot.php(68): CodeIgniter\Boot::runCodeIgniter(Object(CodeIgniter\CodeIgniter))
 6 FCPATH/index.php(59): CodeIgniter\Boot::bootWeb(Object(Config\Paths))
WARNING - 2026-05-30 07:22:22 --> [DEPRECATED] Creation of dynamic property App\Controllers\ManagementController::$commonModel is deprecated in APPPATH/Controllers/ManagementController.php on line 12.
 1 SYSTEMPATH/CodeIgniter.php(921): App\Controllers\ManagementController->__construct()
 2 SYSTEMPATH/CodeIgniter.php(488): CodeIgniter\CodeIgniter->createController()
 3 SYSTEMPATH/CodeIgniter.php(340): CodeIgniter\CodeIgniter->handleRequest(null, Object(Config\Cache), false)
 4 SYSTEMPATH/Boot.php(417): CodeIgniter\CodeIgniter->run()
 5 SYSTEMPATH/Boot.php(68): CodeIgniter\Boot::runCodeIgniter(Object(CodeIgniter\CodeIgniter))
 6 FCPATH/index.php(59): CodeIgniter\Boot::bootWeb(Object(Config\Paths))
WARNING - 2026-05-30 07:22:22 --> [DEPRECATED] Creation of dynamic property App\Controllers\ManagementController::$managementModel is deprecated in APPPATH/Controllers/ManagementController.php on line 13.
 1 SYSTEMPATH/CodeIgniter.php(921): App\Controllers\ManagementController->__construct()
 2 SYSTEMPATH/CodeIgniter.php(488): CodeIgniter\CodeIgniter->createController()
 3 SYSTEMPATH/CodeIgniter.php(340): CodeIgniter\CodeIgniter->handleRequest(null, Object(Config\Cache), false)
 4 SYSTEMPATH/Boot.php(417): CodeIgniter\CodeIgniter->run()
 5 SYSTEMPATH/Boot.php(68): CodeIgniter\Boot::runCodeIgniter(Object(CodeIgniter\CodeIgniter))
 6 FCPATH/index.php(59): CodeIgniter\Boot::bootWeb(Object(Config\Paths))
DEBUG - 2026-05-30 07:22:22 --> Session: Class initialized using 'CodeIgniter\Session\Handlers\FileHandler' driver.
WARNING - 2026-05-30 07:22:22 --> [DEPRECATED] Creation of dynamic property App\Controllers\ManagementController::$session is deprecated in APPPATH/Controllers/BaseController.php on line 43.
 1 SYSTEMPATH/CodeIgniter.php(922): App\Controllers\BaseController->initController(Object(CodeIgniter\HTTP\IncomingRequest), Object(CodeIgniter\HTTP\Response), Object(CodeIgniter\Log\Logger))
 2 SYSTEMPATH/CodeIgniter.php(488): CodeIgniter\CodeIgniter->createController()
 3 SYSTEMPATH/CodeIgniter.php(340): CodeIgniter\CodeIgniter->handleRequest(null, Object(Config\Cache), false)
 4 SYSTEMPATH/Boot.php(417): CodeIgniter\CodeIgniter->run()
 5 SYSTEMPATH/Boot.php(68): CodeIgniter\Boot::runCodeIgniter(Object(CodeIgniter\CodeIgniter))
 6 FCPATH/index.php(59): CodeIgniter\Boot::bootWeb(Object(Config\Paths))
WARNING - 2026-05-30 07:22:49 --> [DEPRECATED] Creation of dynamic property App\Controllers\ProductController::$productsModel is deprecated in APPPATH/Controllers/ProductController.php on line 12.
 1 SYSTEMPATH/CodeIgniter.php(921): App\Controllers\ProductController->__construct()
 2 SYSTEMPATH/CodeIgniter.php(488): CodeIgniter\CodeIgniter->createController()
 3 SYSTEMPATH/CodeIgniter.php(340): CodeIgniter\CodeIgniter->handleRequest(null, Object(Config\Cache), false)
 4 SYSTEMPATH/Boot.php(417): CodeIgniter\CodeIgniter->run()
 5 SYSTEMPATH/Boot.php(68): CodeIgniter\Boot::runCodeIgniter(Object(CodeIgniter\CodeIgniter))
 6 FCPATH/index.php(59): CodeIgniter\Boot::bootWeb(Object(Config\Paths))
WARNING - 2026-05-30 07:22:49 --> [DEPRECATED] Creation of dynamic property App\Controllers\ProductController::$commonModel is deprecated in APPPATH/Controllers/ProductController.php on line 13.
 1 SYSTEMPATH/CodeIgniter.php(921): App\Controllers\ProductController->__construct()
 2 SYSTEMPATH/CodeIgniter.php(488): CodeIgniter\CodeIgniter->createController()
 3 SYSTEMPATH/CodeIgniter.php(340): CodeIgniter\CodeIgniter->handleRequest(null, Object(Config\Cache), false)
 4 SYSTEMPATH/Boot.php(417): CodeIgniter\CodeIgniter->run()
 5 SYSTEMPATH/Boot.php(68): CodeIgniter\Boot::runCodeIgniter(Object(CodeIgniter\CodeIgniter))
 6 FCPATH/index.php(59): CodeIgniter\Boot::bootWeb(Object(Config\Paths))
DEBUG - 2026-05-30 07:22:49 --> Session: Class initialized using 'CodeIgniter\Session\Handlers\FileHandler' driver.
WARNING - 2026-05-30 07:22:49 --> [DEPRECATED] Creation of dynamic property App\Controllers\ProductController::$session is deprecated in APPPATH/Controllers/BaseController.php on line 43.
 1 SYSTEMPATH/CodeIgniter.php(922): App\Controllers\BaseController->initController(Object(CodeIgniter\HTTP\IncomingRequest), Object(CodeIgniter\HTTP\Response), Object(CodeIgniter\Log\Logger))
 2 SYSTEMPATH/CodeIgniter.php(488): CodeIgniter\CodeIgniter->createController()
 3 SYSTEMPATH/CodeIgniter.php(340): CodeIgniter\CodeIgniter->handleRequest(null, Object(Config\Cache), false)
 4 SYSTEMPATH/Boot.php(417): CodeIgniter\CodeIgniter->run()
 5 SYSTEMPATH/Boot.php(68): CodeIgniter\Boot::runCodeIgniter(Object(CodeIgniter\CodeIgniter))
 6 FCPATH/index.php(59): CodeIgniter\Boot::bootWeb(Object(Config\Paths))
WARNING - 2026-05-30 07:22:50 --> [DEPRECATED] Creation of dynamic property App\Controllers\ProductController::$productsModel is deprecated in APPPATH/Controllers/ProductController.php on line 12.
 1 SYSTEMPATH/CodeIgniter.php(921): App\Controllers\ProductController->__construct()
 2 SYSTEMPATH/CodeIgniter.php(488): CodeIgniter\CodeIgniter->createController()
 3 SYSTEMPATH/CodeIgniter.php(340): CodeIgniter\CodeIgniter->handleRequest(null, Object(Config\Cache), false)
 4 SYSTEMPATH/Boot.php(417): CodeIgniter\CodeIgniter->run()
 5 SYSTEMPATH/Boot.php(68): CodeIgniter\Boot::runCodeIgniter(Object(CodeIgniter\CodeIgniter))
 6 FCPATH/index.php(59): CodeIgniter\Boot::bootWeb(Object(Config\Paths))
WARNING - 2026-05-30 07:22:50 --> [DEPRECATED] Creation of dynamic property App\Controllers\ProductController::$commonModel is deprecated in APPPATH/Controllers/ProductController.php on line 13.
 1 SYSTEMPATH/CodeIgniter.php(921): App\Controllers\ProductController->__construct()
 2 SYSTEMPATH/CodeIgniter.php(488): CodeIgniter\CodeIgniter->createController()
 3 SYSTEMPATH/CodeIgniter.php(340): CodeIgniter\CodeIgniter->handleRequest(null, Object(Config\Cache), false)
 4 SYSTEMPATH/Boot.php(417): CodeIgniter\CodeIgniter->run()
 5 SYSTEMPATH/Boot.php(68): CodeIgniter\Boot::runCodeIgniter(Object(CodeIgniter\CodeIgniter))
 6 FCPATH/index.php(59): CodeIgniter\Boot::bootWeb(Object(Config\Paths))
DEBUG - 2026-05-30 07:22:50 --> Session: Class initialized using 'CodeIgniter\Session\Handlers\FileHandler' driver.
WARNING - 2026-05-30 07:22:50 --> [DEPRECATED] Creation of dynamic property App\Controllers\ProductController::$session is deprecated in APPPATH/Controllers/BaseController.php on line 43.
 1 SYSTEMPATH/CodeIgniter.php(922): App\Controllers\BaseController->initController(Object(CodeIgniter\HTTP\IncomingRequest), Object(CodeIgniter\HTTP\Response), Object(CodeIgniter\Log\Logger))
 2 SYSTEMPATH/CodeIgniter.php(488): CodeIgniter\CodeIgniter->createController()
 3 SYSTEMPATH/CodeIgniter.php(340): CodeIgniter\CodeIgniter->handleRequest(null, Object(Config\Cache), false)
 4 SYSTEMPATH/Boot.php(417): CodeIgniter\CodeIgniter->run()
 5 SYSTEMPATH/Boot.php(68): CodeIgniter\Boot::runCodeIgniter(Object(CodeIgniter\CodeIgniter))
 6 FCPATH/index.php(59): CodeIgniter\Boot::bootWeb(Object(Config\Paths))
WARNING - 2026-05-30 07:23:11 --> [DEPRECATED] Creation of dynamic property App\Controllers\ProductController::$productsModel is deprecated in APPPATH/Controllers/ProductController.php on line 12.
 1 SYSTEMPATH/CodeIgniter.php(921): App\Controllers\ProductController->__construct()
 2 SYSTEMPATH/CodeIgniter.php(488): CodeIgniter\CodeIgniter->createController()
 3 SYSTEMPATH/CodeIgniter.php(340): CodeIgniter\CodeIgniter->handleRequest(null, Object(Config\Cache), false)
 4 SYSTEMPATH/Boot.php(417): CodeIgniter\CodeIgniter->run()
 5 SYSTEMPATH/Boot.php(68): CodeIgniter\Boot::runCodeIgniter(Object(CodeIgniter\CodeIgniter))
 6 FCPATH/index.php(59): CodeIgniter\Boot::bootWeb(Object(Config\Paths))
WARNING - 2026-05-30 07:23:11 --> [DEPRECATED] Creation of dynamic property App\Controllers\ProductController::$commonModel is deprecated in APPPATH/Controllers/ProductController.php on line 13.
 1 SYSTEMPATH/CodeIgniter.php(921): App\Controllers\ProductController->__construct()
 2 SYSTEMPATH/CodeIgniter.php(488): CodeIgniter\CodeIgniter->createController()
 3 SYSTEMPATH/CodeIgniter.php(340): CodeIgniter\CodeIgniter->handleRequest(null, Object(Config\Cache), false)
 4 SYSTEMPATH/Boot.php(417): CodeIgniter\CodeIgniter->run()
 5 SYSTEMPATH/Boot.php(68): CodeIgniter\Boot::runCodeIgniter(Object(CodeIgniter\CodeIgniter))
 6 FCPATH/index.php(59): CodeIgniter\Boot::bootWeb(Object(Config\Paths))
DEBUG - 2026-05-30 07:23:11 --> Session: Class initialized using 'CodeIgniter\Session\Handlers\FileHandler' driver.
WARNING - 2026-05-30 07:23:11 --> [DEPRECATED] Creation of dynamic property App\Controllers\ProductController::$session is deprecated in APPPATH/Controllers/BaseController.php on line 43.
 1 SYSTEMPATH/CodeIgniter.php(922): App\Controllers\BaseController->initController(Object(CodeIgniter\HTTP\IncomingRequest), Object(CodeIgniter\HTTP\Response), Object(CodeIgniter\Log\Logger))
 2 SYSTEMPATH/CodeIgniter.php(488): CodeIgniter\CodeIgniter->createController()
 3 SYSTEMPATH/CodeIgniter.php(340): CodeIgniter\CodeIgniter->handleRequest(null, Object(Config\Cache), false)
 4 SYSTEMPATH/Boot.php(417): CodeIgniter\CodeIgniter->run()
 5 SYSTEMPATH/Boot.php(68): CodeIgniter\Boot::runCodeIgniter(Object(CodeIgniter\CodeIgniter))
 6 FCPATH/index.php(59): CodeIgniter\Boot::bootWeb(Object(Config\Paths))
WARNING - 2026-05-30 07:23:12 --> [DEPRECATED] Creation of dynamic property App\Controllers\ProductController::$productsModel is deprecated in APPPATH/Controllers/ProductController.php on line 12.
 1 SYSTEMPATH/CodeIgniter.php(921): App\Controllers\ProductController->__construct()
 2 SYSTEMPATH/CodeIgniter.php(488): CodeIgniter\CodeIgniter->createController()
 3 SYSTEMPATH/CodeIgniter.php(340): CodeIgniter\CodeIgniter->handleRequest(null, Object(Config\Cache), false)
 4 SYSTEMPATH/Boot.php(417): CodeIgniter\CodeIgniter->run()
 5 SYSTEMPATH/Boot.php(68): CodeIgniter\Boot::runCodeIgniter(Object(CodeIgniter\CodeIgniter))
 6 FCPATH/index.php(59): CodeIgniter\Boot::bootWeb(Object(Config\Paths))
WARNING - 2026-05-30 07:23:12 --> [DEPRECATED] Creation of dynamic property App\Controllers\ProductController::$commonModel is deprecated in APPPATH/Controllers/ProductController.php on line 13.
 1 SYSTEMPATH/CodeIgniter.php(921): App\Controllers\ProductController->__construct()
 2 SYSTEMPATH/CodeIgniter.php(488): CodeIgniter\CodeIgniter->createController()
 3 SYSTEMPATH/CodeIgniter.php(340): CodeIgniter\CodeIgniter->handleRequest(null, Object(Config\Cache), false)
 4 SYSTEMPATH/Boot.php(417): CodeIgniter\CodeIgniter->run()
 5 SYSTEMPATH/Boot.php(68): CodeIgniter\Boot::runCodeIgniter(Object(CodeIgniter\CodeIgniter))
 6 FCPATH/index.php(59): CodeIgniter\Boot::bootWeb(Object(Config\Paths))
DEBUG - 2026-05-30 07:23:12 --> Session: Class initialized using 'CodeIgniter\Session\Handlers\FileHandler' driver.
WARNING - 2026-05-30 07:23:12 --> [DEPRECATED] Creation of dynamic property App\Controllers\ProductController::$session is deprecated in APPPATH/Controllers/BaseController.php on line 43.
 1 SYSTEMPATH/CodeIgniter.php(922): App\Controllers\BaseController->initController(Object(CodeIgniter\HTTP\IncomingRequest), Object(CodeIgniter\HTTP\Response), Object(CodeIgniter\Log\Logger))
 2 SYSTEMPATH/CodeIgniter.php(488): CodeIgniter\CodeIgniter->createController()
 3 SYSTEMPATH/CodeIgniter.php(340): CodeIgniter\CodeIgniter->handleRequest(null, Object(Config\Cache), false)
 4 SYSTEMPATH/Boot.php(417): CodeIgniter\CodeIgniter->run()
 5 SYSTEMPATH/Boot.php(68): CodeIgniter\Boot::runCodeIgniter(Object(CodeIgniter\CodeIgniter))
 6 FCPATH/index.php(59): CodeIgniter\Boot::bootWeb(Object(Config\Paths))
WARNING - 2026-05-30 07:25:01 --> [DEPRECATED] Creation of dynamic property App\Controllers\ProductController::$productsModel is deprecated in APPPATH/Controllers/ProductController.php on line 12.
 1 SYSTEMPATH/CodeIgniter.php(921): App\Controllers\ProductController->__construct()
 2 SYSTEMPATH/CodeIgniter.php(488): CodeIgniter\CodeIgniter->createController()
 3 SYSTEMPATH/CodeIgniter.php(340): CodeIgniter\CodeIgniter->handleRequest(null, Object(Config\Cache), false)
 4 SYSTEMPATH/Boot.php(417): CodeIgniter\CodeIgniter->run()
 5 SYSTEMPATH/Boot.php(68): CodeIgniter\Boot::runCodeIgniter(Object(CodeIgniter\CodeIgniter))
 6 FCPATH/index.php(59): CodeIgniter\Boot::bootWeb(Object(Config\Paths))
WARNING - 2026-05-30 07:25:01 --> [DEPRECATED] Creation of dynamic property App\Controllers\ProductController::$commonModel is deprecated in APPPATH/Controllers/ProductController.php on line 13.
 1 SYSTEMPATH/CodeIgniter.php(921): App\Controllers\ProductController->__construct()
 2 SYSTEMPATH/CodeIgniter.php(488): CodeIgniter\CodeIgniter->createController()
 3 SYSTEMPATH/CodeIgniter.php(340): CodeIgniter\CodeIgniter->handleRequest(null, Object(Config\Cache), false)
 4 SYSTEMPATH/Boot.php(417): CodeIgniter\CodeIgniter->run()
 5 SYSTEMPATH/Boot.php(68): CodeIgniter\Boot::runCodeIgniter(Object(CodeIgniter\CodeIgniter))
 6 FCPATH/index.php(59): CodeIgniter\Boot::bootWeb(Object(Config\Paths))
DEBUG - 2026-05-30 07:25:01 --> Session: Class initialized using 'CodeIgniter\Session\Handlers\FileHandler' driver.
WARNING - 2026-05-30 07:25:01 --> [DEPRECATED] Creation of dynamic property App\Controllers\ProductController::$session is deprecated in APPPATH/Controllers/BaseController.php on line 43.
 1 SYSTEMPATH/CodeIgniter.php(922): App\Controllers\BaseController->initController(Object(CodeIgniter\HTTP\IncomingRequest), Object(CodeIgniter\HTTP\Response), Object(CodeIgniter\Log\Logger))
 2 SYSTEMPATH/CodeIgniter.php(488): CodeIgniter\CodeIgniter->createController()
 3 SYSTEMPATH/CodeIgniter.php(340): CodeIgniter\CodeIgniter->handleRequest(null, Object(Config\Cache), false)
 4 SYSTEMPATH/Boot.php(417): CodeIgniter\CodeIgniter->run()
 5 SYSTEMPATH/Boot.php(68): CodeIgniter\Boot::runCodeIgniter(Object(CodeIgniter\CodeIgniter))
 6 FCPATH/index.php(59): CodeIgniter\Boot::bootWeb(Object(Config\Paths))
WARNING - 2026-05-30 07:25:02 --> [DEPRECATED] Creation of dynamic property App\Controllers\ProductController::$productsModel is deprecated in APPPATH/Controllers/ProductController.php on line 12.
 1 SYSTEMPATH/CodeIgniter.php(921): App\Controllers\ProductController->__construct()
 2 SYSTEMPATH/CodeIgniter.php(488): CodeIgniter\CodeIgniter->createController()
 3 SYSTEMPATH/CodeIgniter.php(340): CodeIgniter\CodeIgniter->handleRequest(null, Object(Config\Cache), false)
 4 SYSTEMPATH/Boot.php(417): CodeIgniter\CodeIgniter->run()
 5 SYSTEMPATH/Boot.php(68): CodeIgniter\Boot::runCodeIgniter(Object(CodeIgniter\CodeIgniter))
 6 FCPATH/index.php(59): CodeIgniter\Boot::bootWeb(Object(Config\Paths))
WARNING - 2026-05-30 07:25:02 --> [DEPRECATED] Creation of dynamic property App\Controllers\ProductController::$commonModel is deprecated in APPPATH/Controllers/ProductController.php on line 13.
 1 SYSTEMPATH/CodeIgniter.php(921): App\Controllers\ProductController->__construct()
 2 SYSTEMPATH/CodeIgniter.php(488): CodeIgniter\CodeIgniter->createController()
 3 SYSTEMPATH/CodeIgniter.php(340): CodeIgniter\CodeIgniter->handleRequest(null, Object(Config\Cache), false)
 4 SYSTEMPATH/Boot.php(417): CodeIgniter\CodeIgniter->run()
 5 SYSTEMPATH/Boot.php(68): CodeIgniter\Boot::runCodeIgniter(Object(CodeIgniter\CodeIgniter))
 6 FCPATH/index.php(59): CodeIgniter\Boot::bootWeb(Object(Config\Paths))
DEBUG - 2026-05-30 07:25:02 --> Session: Class initialized using 'CodeIgniter\Session\Handlers\FileHandler' driver.
WARNING - 2026-05-30 07:25:02 --> [DEPRECATED] Creation of dynamic property App\Controllers\ProductController::$session is deprecated in APPPATH/Controllers/BaseController.php on line 43.
 1 SYSTEMPATH/CodeIgniter.php(922): App\Controllers\BaseController->initController(Object(CodeIgniter\HTTP\IncomingRequest), Object(CodeIgniter\HTTP\Response), Object(CodeIgniter\Log\Logger))
 2 SYSTEMPATH/CodeIgniter.php(488): CodeIgniter\CodeIgniter->createController()
 3 SYSTEMPATH/CodeIgniter.php(340): CodeIgniter\CodeIgniter->handleRequest(null, Object(Config\Cache), false)
 4 SYSTEMPATH/Boot.php(417): CodeIgniter\CodeIgniter->run()
 5 SYSTEMPATH/Boot.php(68): CodeIgniter\Boot::runCodeIgniter(Object(CodeIgniter\CodeIgniter))
 6 FCPATH/index.php(59): CodeIgniter\Boot::bootWeb(Object(Config\Paths))
WARNING - 2026-05-30 07:25:05 --> [DEPRECATED] Creation of dynamic property App\Controllers\ProductController::$productsModel is deprecated in APPPATH/Controllers/ProductController.php on line 12.
 1 SYSTEMPATH/CodeIgniter.php(921): App\Controllers\ProductController->__construct()
 2 SYSTEMPATH/CodeIgniter.php(488): CodeIgniter\CodeIgniter->createController()
 3 SYSTEMPATH/CodeIgniter.php(340): CodeIgniter\CodeIgniter->handleRequest(null, Object(Config\Cache), false)
 4 SYSTEMPATH/Boot.php(417): CodeIgniter\CodeIgniter->run()
 5 SYSTEMPATH/Boot.php(68): CodeIgniter\Boot::runCodeIgniter(Object(CodeIgniter\CodeIgniter))
 6 FCPATH/index.php(59): CodeIgniter\Boot::bootWeb(Object(Config\Paths))
WARNING - 2026-05-30 07:25:05 --> [DEPRECATED] Creation of dynamic property App\Controllers\ProductController::$commonModel is deprecated in APPPATH/Controllers/ProductController.php on line 13.
 1 SYSTEMPATH/CodeIgniter.php(921): App\Controllers\ProductController->__construct()
 2 SYSTEMPATH/CodeIgniter.php(488): CodeIgniter\CodeIgniter->createController()
 3 SYSTEMPATH/CodeIgniter.php(340): CodeIgniter\CodeIgniter->handleRequest(null, Object(Config\Cache), false)
 4 SYSTEMPATH/Boot.php(417): CodeIgniter\CodeIgniter->run()
 5 SYSTEMPATH/Boot.php(68): CodeIgniter\Boot::runCodeIgniter(Object(CodeIgniter\CodeIgniter))
 6 FCPATH/index.php(59): CodeIgniter\Boot::bootWeb(Object(Config\Paths))
DEBUG - 2026-05-30 07:25:05 --> Session: Class initialized using 'CodeIgniter\Session\Handlers\FileHandler' driver.
WARNING - 2026-05-30 07:25:05 --> [DEPRECATED] Creation of dynamic property App\Controllers\ProductController::$session is deprecated in APPPATH/Controllers/BaseController.php on line 43.
 1 SYSTEMPATH/CodeIgniter.php(922): App\Controllers\BaseController->initController(Object(CodeIgniter\HTTP\IncomingRequest), Object(CodeIgniter\HTTP\Response), Object(CodeIgniter\Log\Logger))
 2 SYSTEMPATH/CodeIgniter.php(488): CodeIgniter\CodeIgniter->createController()
 3 SYSTEMPATH/CodeIgniter.php(340): CodeIgniter\CodeIgniter->handleRequest(null, Object(Config\Cache), false)
 4 SYSTEMPATH/Boot.php(417): CodeIgniter\CodeIgniter->run()
 5 SYSTEMPATH/Boot.php(68): CodeIgniter\Boot::runCodeIgniter(Object(CodeIgniter\CodeIgniter))
 6 FCPATH/index.php(59): CodeIgniter\Boot::bootWeb(Object(Config\Paths))
WARNING - 2026-05-30 07:25:06 --> [DEPRECATED] Creation of dynamic property App\Controllers\ProductController::$productsModel is deprecated in APPPATH/Controllers/ProductController.php on line 12.
 1 SYSTEMPATH/CodeIgniter.php(921): App\Controllers\ProductController->__construct()
 2 SYSTEMPATH/CodeIgniter.php(488): CodeIgniter\CodeIgniter->createController()
 3 SYSTEMPATH/CodeIgniter.php(340): CodeIgniter\CodeIgniter->handleRequest(null, Object(Config\Cache), false)
 4 SYSTEMPATH/Boot.php(417): CodeIgniter\CodeIgniter->run()
 5 SYSTEMPATH/Boot.php(68): CodeIgniter\Boot::runCodeIgniter(Object(CodeIgniter\CodeIgniter))
 6 FCPATH/index.php(59): CodeIgniter\Boot::bootWeb(Object(Config\Paths))
WARNING - 2026-05-30 07:25:06 --> [DEPRECATED] Creation of dynamic property App\Controllers\ProductController::$commonModel is deprecated in APPPATH/Controllers/ProductController.php on line 13.
 1 SYSTEMPATH/CodeIgniter.php(921): App\Controllers\ProductController->__construct()
 2 SYSTEMPATH/CodeIgniter.php(488): CodeIgniter\CodeIgniter->createController()
 3 SYSTEMPATH/CodeIgniter.php(340): CodeIgniter\CodeIgniter->handleRequest(null, Object(Config\Cache), false)
 4 SYSTEMPATH/Boot.php(417): CodeIgniter\CodeIgniter->run()
 5 SYSTEMPATH/Boot.php(68): CodeIgniter\Boot::runCodeIgniter(Object(CodeIgniter\CodeIgniter))
 6 FCPATH/index.php(59): CodeIgniter\Boot::bootWeb(Object(Config\Paths))
DEBUG - 2026-05-30 07:25:06 --> Session: Class initialized using 'CodeIgniter\Session\Handlers\FileHandler' driver.
WARNING - 2026-05-30 07:25:06 --> [DEPRECATED] Creation of dynamic property App\Controllers\ProductController::$session is deprecated in APPPATH/Controllers/BaseController.php on line 43.
 1 SYSTEMPATH/CodeIgniter.php(922): App\Controllers\BaseController->initController(Object(CodeIgniter\HTTP\IncomingRequest), Object(CodeIgniter\HTTP\Response), Object(CodeIgniter\Log\Logger))
 2 SYSTEMPATH/CodeIgniter.php(488): CodeIgniter\CodeIgniter->createController()
 3 SYSTEMPATH/CodeIgniter.php(340): CodeIgniter\CodeIgniter->handleRequest(null, Object(Config\Cache), false)
 4 SYSTEMPATH/Boot.php(417): CodeIgniter\CodeIgniter->run()
 5 SYSTEMPATH/Boot.php(68): CodeIgniter\Boot::runCodeIgniter(Object(CodeIgniter\CodeIgniter))
 6 FCPATH/index.php(59): CodeIgniter\Boot::bootWeb(Object(Config\Paths))
WARNING - 2026-05-30 07:25:07 --> [DEPRECATED] Creation of dynamic property App\Controllers\ProductController::$productsModel is deprecated in APPPATH/Controllers/ProductController.php on line 12.
 1 SYSTEMPATH/CodeIgniter.php(921): App\Controllers\ProductController->__construct()
 2 SYSTEMPATH/CodeIgniter.php(488): CodeIgniter\CodeIgniter->createController()
 3 SYSTEMPATH/CodeIgniter.php(340): CodeIgniter\CodeIgniter->handleRequest(null, Object(Config\Cache), false)
 4 SYSTEMPATH/Boot.php(417): CodeIgniter\CodeIgniter->run()
 5 SYSTEMPATH/Boot.php(68): CodeIgniter\Boot::runCodeIgniter(Object(CodeIgniter\CodeIgniter))
 6 FCPATH/index.php(59): CodeIgniter\Boot::bootWeb(Object(Config\Paths))
WARNING - 2026-05-30 07:25:07 --> [DEPRECATED] Creation of dynamic property App\Controllers\ProductController::$commonModel is deprecated in APPPATH/Controllers/ProductController.php on line 13.
 1 SYSTEMPATH/CodeIgniter.php(921): App\Controllers\ProductController->__construct()
 2 SYSTEMPATH/CodeIgniter.php(488): CodeIgniter\CodeIgniter->createController()
 3 SYSTEMPATH/CodeIgniter.php(340): CodeIgniter\CodeIgniter->handleRequest(null, Object(Config\Cache), false)
 4 SYSTEMPATH/Boot.php(417): CodeIgniter\CodeIgniter->run()
 5 SYSTEMPATH/Boot.php(68): CodeIgniter\Boot::runCodeIgniter(Object(CodeIgniter\CodeIgniter))
 6 FCPATH/index.php(59): CodeIgniter\Boot::bootWeb(Object(Config\Paths))
DEBUG - 2026-05-30 07:25:07 --> Session: Class initialized using 'CodeIgniter\Session\Handlers\FileHandler' driver.
WARNING - 2026-05-30 07:25:07 --> [DEPRECATED] Creation of dynamic property App\Controllers\ProductController::$session is deprecated in APPPATH/Controllers/BaseController.php on line 43.
 1 SYSTEMPATH/CodeIgniter.php(922): App\Controllers\BaseController->initController(Object(CodeIgniter\HTTP\IncomingRequest), Object(CodeIgniter\HTTP\Response), Object(CodeIgniter\Log\Logger))
 2 SYSTEMPATH/CodeIgniter.php(488): CodeIgniter\CodeIgniter->createController()
 3 SYSTEMPATH/CodeIgniter.php(340): CodeIgniter\CodeIgniter->handleRequest(null, Object(Config\Cache), false)
 4 SYSTEMPATH/Boot.php(417): CodeIgniter\CodeIgniter->run()
 5 SYSTEMPATH/Boot.php(68): CodeIgniter\Boot::runCodeIgniter(Object(CodeIgniter\CodeIgniter))
 6 FCPATH/index.php(59): CodeIgniter\Boot::bootWeb(Object(Config\Paths))
WARNING - 2026-05-30 07:25:07 --> [DEPRECATED] Creation of dynamic property App\Controllers\ProductController::$productsModel is deprecated in APPPATH/Controllers/ProductController.php on line 12.
 1 SYSTEMPATH/CodeIgniter.php(921): App\Controllers\ProductController->__construct()
 2 SYSTEMPATH/CodeIgniter.php(488): CodeIgniter\CodeIgniter->createController()
 3 SYSTEMPATH/CodeIgniter.php(340): CodeIgniter\CodeIgniter->handleRequest(null, Object(Config\Cache), false)
 4 SYSTEMPATH/Boot.php(417): CodeIgniter\CodeIgniter->run()
 5 SYSTEMPATH/Boot.php(68): CodeIgniter\Boot::runCodeIgniter(Object(CodeIgniter\CodeIgniter))
 6 FCPATH/index.php(59): CodeIgniter\Boot::bootWeb(Object(Config\Paths))
WARNING - 2026-05-30 07:25:07 --> [DEPRECATED] Creation of dynamic property App\Controllers\ProductController::$commonModel is deprecated in APPPATH/Controllers/ProductController.php on line 13.
 1 SYSTEMPATH/CodeIgniter.php(921): App\Controllers\ProductController->__construct()
 2 SYSTEMPATH/CodeIgniter.php(488): CodeIgniter\CodeIgniter->createController()
 3 SYSTEMPATH/CodeIgniter.php(340): CodeIgniter\CodeIgniter->handleRequest(null, Object(Config\Cache), false)
 4 SYSTEMPATH/Boot.php(417): CodeIgniter\CodeIgniter->run()
 5 SYSTEMPATH/Boot.php(68): CodeIgniter\Boot::runCodeIgniter(Object(CodeIgniter\CodeIgniter))
 6 FCPATH/index.php(59): CodeIgniter\Boot::bootWeb(Object(Config\Paths))
DEBUG - 2026-05-30 07:25:07 --> Session: Class initialized using 'CodeIgniter\Session\Handlers\FileHandler' driver.
WARNING - 2026-05-30 07:25:07 --> [DEPRECATED] Creation of dynamic property App\Controllers\ProductController::$session is deprecated in APPPATH/Controllers/BaseController.php on line 43.
 1 SYSTEMPATH/CodeIgniter.php(922): App\Controllers\BaseController->initController(Object(CodeIgniter\HTTP\IncomingRequest), Object(CodeIgniter\HTTP\Response), Object(CodeIgniter\Log\Logger))
 2 SYSTEMPATH/CodeIgniter.php(488): CodeIgniter\CodeIgniter->createController()
 3 SYSTEMPATH/CodeIgniter.php(340): CodeIgniter\CodeIgniter->handleRequest(null, Object(Config\Cache), false)
 4 SYSTEMPATH/Boot.php(417): CodeIgniter\CodeIgniter->run()
 5 SYSTEMPATH/Boot.php(68): CodeIgniter\Boot::runCodeIgniter(Object(CodeIgniter\CodeIgniter))
 6 FCPATH/index.php(59): CodeIgniter\Boot::bootWeb(Object(Config\Paths))
WARNING - 2026-05-30 07:25:08 --> [DEPRECATED] Creation of dynamic property App\Controllers\ProductController::$productsModel is deprecated in APPPATH/Controllers/ProductController.php on line 12.
 1 SYSTEMPATH/CodeIgniter.php(921): App\Controllers\ProductController->__construct()
 2 SYSTEMPATH/CodeIgniter.php(488): CodeIgniter\CodeIgniter->createController()
 3 SYSTEMPATH/CodeIgniter.php(340): CodeIgniter\CodeIgniter->handleRequest(null, Object(Config\Cache), false)
 4 SYSTEMPATH/Boot.php(417): CodeIgniter\CodeIgniter->run()
 5 SYSTEMPATH/Boot.php(68): CodeIgniter\Boot::runCodeIgniter(Object(CodeIgniter\CodeIgniter))
 6 FCPATH/index.php(59): CodeIgniter\Boot::bootWeb(Object(Config\Paths))
WARNING - 2026-05-30 07:25:08 --> [DEPRECATED] Creation of dynamic property App\Controllers\ProductController::$commonModel is deprecated in APPPATH/Controllers/ProductController.php on line 13.
 1 SYSTEMPATH/CodeIgniter.php(921): App\Controllers\ProductController->__construct()
 2 SYSTEMPATH/CodeIgniter.php(488): CodeIgniter\CodeIgniter->createController()
 3 SYSTEMPATH/CodeIgniter.php(340): CodeIgniter\CodeIgniter->handleRequest(null, Object(Config\Cache), false)
 4 SYSTEMPATH/Boot.php(417): CodeIgniter\CodeIgniter->run()
 5 SYSTEMPATH/Boot.php(68): CodeIgniter\Boot::runCodeIgniter(Object(CodeIgniter\CodeIgniter))
 6 FCPATH/index.php(59): CodeIgniter\Boot::bootWeb(Object(Config\Paths))
DEBUG - 2026-05-30 07:25:08 --> Session: Class initialized using 'CodeIgniter\Session\Handlers\FileHandler' driver.
WARNING - 2026-05-30 07:25:08 --> [DEPRECATED] Creation of dynamic property App\Controllers\ProductController::$session is deprecated in APPPATH/Controllers/BaseController.php on line 43.
 1 SYSTEMPATH/CodeIgniter.php(922): App\Controllers\BaseController->initController(Object(CodeIgniter\HTTP\IncomingRequest), Object(CodeIgniter\HTTP\Response), Object(CodeIgniter\Log\Logger))
 2 SYSTEMPATH/CodeIgniter.php(488): CodeIgniter\CodeIgniter->createController()
 3 SYSTEMPATH/CodeIgniter.php(340): CodeIgniter\CodeIgniter->handleRequest(null, Object(Config\Cache), false)
 4 SYSTEMPATH/Boot.php(417): CodeIgniter\CodeIgniter->run()
 5 SYSTEMPATH/Boot.php(68): CodeIgniter\Boot::runCodeIgniter(Object(CodeIgniter\CodeIgniter))
 6 FCPATH/index.php(59): CodeIgniter\Boot::bootWeb(Object(Config\Paths))
WARNING - 2026-05-30 07:25:09 --> [DEPRECATED] Creation of dynamic property App\Controllers\ProductController::$productsModel is deprecated in APPPATH/Controllers/ProductController.php on line 12.
 1 SYSTEMPATH/CodeIgniter.php(921): App\Controllers\ProductController->__construct()
 2 SYSTEMPATH/CodeIgniter.php(488): CodeIgniter\CodeIgniter->createController()
 3 SYSTEMPATH/CodeIgniter.php(340): CodeIgniter\CodeIgniter->handleRequest(null, Object(Config\Cache), false)
 4 SYSTEMPATH/Boot.php(417): CodeIgniter\CodeIgniter->run()
 5 SYSTEMPATH/Boot.php(68): CodeIgniter\Boot::runCodeIgniter(Object(CodeIgniter\CodeIgniter))
 6 FCPATH/index.php(59): CodeIgniter\Boot::bootWeb(Object(Config\Paths))
WARNING - 2026-05-30 07:25:09 --> [DEPRECATED] Creation of dynamic property App\Controllers\ProductController::$commonModel is deprecated in APPPATH/Controllers/ProductController.php on line 13.
 1 SYSTEMPATH/CodeIgniter.php(921): App\Controllers\ProductController->__construct()
 2 SYSTEMPATH/CodeIgniter.php(488): CodeIgniter\CodeIgniter->createController()
 3 SYSTEMPATH/CodeIgniter.php(340): CodeIgniter\CodeIgniter->handleRequest(null, Object(Config\Cache), false)
 4 SYSTEMPATH/Boot.php(417): CodeIgniter\CodeIgniter->run()
 5 SYSTEMPATH/Boot.php(68): CodeIgniter\Boot::runCodeIgniter(Object(CodeIgniter\CodeIgniter))
 6 FCPATH/index.php(59): CodeIgniter\Boot::bootWeb(Object(Config\Paths))
DEBUG - 2026-05-30 07:25:09 --> Session: Class initialized using 'CodeIgniter\Session\Handlers\FileHandler' driver.
WARNING - 2026-05-30 07:25:09 --> [DEPRECATED] Creation of dynamic property App\Controllers\ProductController::$session is deprecated in APPPATH/Controllers/BaseController.php on line 43.
 1 SYSTEMPATH/CodeIgniter.php(922): App\Controllers\BaseController->initController(Object(CodeIgniter\HTTP\IncomingRequest), Object(CodeIgniter\HTTP\Response), Object(CodeIgniter\Log\Logger))
 2 SYSTEMPATH/CodeIgniter.php(488): CodeIgniter\CodeIgniter->createController()
 3 SYSTEMPATH/CodeIgniter.php(340): CodeIgniter\CodeIgniter->handleRequest(null, Object(Config\Cache), false)
 4 SYSTEMPATH/Boot.php(417): CodeIgniter\CodeIgniter->run()
 5 SYSTEMPATH/Boot.php(68): CodeIgniter\Boot::runCodeIgniter(Object(CodeIgniter\CodeIgniter))
 6 FCPATH/index.php(59): CodeIgniter\Boot::bootWeb(Object(Config\Paths))
WARNING - 2026-05-30 07:25:09 --> [DEPRECATED] Creation of dynamic property App\Controllers\ProductController::$productsModel is deprecated in APPPATH/Controllers/ProductController.php on line 12.
 1 SYSTEMPATH/CodeIgniter.php(921): App\Controllers\ProductController->__construct()
 2 SYSTEMPATH/CodeIgniter.php(488): CodeIgniter\CodeIgniter->createController()
 3 SYSTEMPATH/CodeIgniter.php(340): CodeIgniter\CodeIgniter->handleRequest(null, Object(Config\Cache), false)
 4 SYSTEMPATH/Boot.php(417): CodeIgniter\CodeIgniter->run()
 5 SYSTEMPATH/Boot.php(68): CodeIgniter\Boot::runCodeIgniter(Object(CodeIgniter\CodeIgniter))
 6 FCPATH/index.php(59): CodeIgniter\Boot::bootWeb(Object(Config\Paths))
WARNING - 2026-05-30 07:25:09 --> [DEPRECATED] Creation of dynamic property App\Controllers\ProductController::$commonModel is deprecated in APPPATH/Controllers/ProductController.php on line 13.
 1 SYSTEMPATH/CodeIgniter.php(921): App\Controllers\ProductController->__construct()
 2 SYSTEMPATH/CodeIgniter.php(488): CodeIgniter\CodeIgniter->createController()
 3 SYSTEMPATH/CodeIgniter.php(340): CodeIgniter\CodeIgniter->handleRequest(null, Object(Config\Cache), false)
 4 SYSTEMPATH/Boot.php(417): CodeIgniter\CodeIgniter->run()
 5 SYSTEMPATH/Boot.php(68): CodeIgniter\Boot::runCodeIgniter(Object(CodeIgniter\CodeIgniter))
 6 FCPATH/index.php(59): CodeIgniter\Boot::bootWeb(Object(Config\Paths))
DEBUG - 2026-05-30 07:25:09 --> Session: Class initialized using 'CodeIgniter\Session\Handlers\FileHandler' driver.
WARNING - 2026-05-30 07:25:09 --> [DEPRECATED] Creation of dynamic property App\Controllers\ProductController::$session is deprecated in APPPATH/Controllers/BaseController.php on line 43.
 1 SYSTEMPATH/CodeIgniter.php(922): App\Controllers\BaseController->initController(Object(CodeIgniter\HTTP\IncomingRequest), Object(CodeIgniter\HTTP\Response), Object(CodeIgniter\Log\Logger))
 2 SYSTEMPATH/CodeIgniter.php(488): CodeIgniter\CodeIgniter->createController()
 3 SYSTEMPATH/CodeIgniter.php(340): CodeIgniter\CodeIgniter->handleRequest(null, Object(Config\Cache), false)
 4 SYSTEMPATH/Boot.php(417): CodeIgniter\CodeIgniter->run()
 5 SYSTEMPATH/Boot.php(68): CodeIgniter\Boot::runCodeIgniter(Object(CodeIgniter\CodeIgniter))
 6 FCPATH/index.php(59): CodeIgniter\Boot::bootWeb(Object(Config\Paths))
WARNING - 2026-05-30 07:25:36 --> [DEPRECATED] Creation of dynamic property App\Controllers\ProductController::$productsModel is deprecated in APPPATH/Controllers/ProductController.php on line 12.
 1 SYSTEMPATH/CodeIgniter.php(921): App\Controllers\ProductController->__construct()
 2 SYSTEMPATH/CodeIgniter.php(488): CodeIgniter\CodeIgniter->createController()
 3 SYSTEMPATH/CodeIgniter.php(340): CodeIgniter\CodeIgniter->handleRequest(null, Object(Config\Cache), false)
 4 SYSTEMPATH/Boot.php(417): CodeIgniter\CodeIgniter->run()
 5 SYSTEMPATH/Boot.php(68): CodeIgniter\Boot::runCodeIgniter(Object(CodeIgniter\CodeIgniter))
 6 FCPATH/index.php(59): CodeIgniter\Boot::bootWeb(Object(Config\Paths))
WARNING - 2026-05-30 07:25:36 --> [DEPRECATED] Creation of dynamic property App\Controllers\ProductController::$commonModel is deprecated in APPPATH/Controllers/ProductController.php on line 13.
 1 SYSTEMPATH/CodeIgniter.php(921): App\Controllers\ProductController->__construct()
 2 SYSTEMPATH/CodeIgniter.php(488): CodeIgniter\CodeIgniter->createController()
 3 SYSTEMPATH/CodeIgniter.php(340): CodeIgniter\CodeIgniter->handleRequest(null, Object(Config\Cache), false)
 4 SYSTEMPATH/Boot.php(417): CodeIgniter\CodeIgniter->run()
 5 SYSTEMPATH/Boot.php(68): CodeIgniter\Boot::runCodeIgniter(Object(CodeIgniter\CodeIgniter))
 6 FCPATH/index.php(59): CodeIgniter\Boot::bootWeb(Object(Config\Paths))
DEBUG - 2026-05-30 07:25:36 --> Session: Class initialized using 'CodeIgniter\Session\Handlers\FileHandler' driver.
WARNING - 2026-05-30 07:25:36 --> [DEPRECATED] Creation of dynamic property App\Controllers\ProductController::$session is deprecated in APPPATH/Controllers/BaseController.php on line 43.
 1 SYSTEMPATH/CodeIgniter.php(922): App\Controllers\BaseController->initController(Object(CodeIgniter\HTTP\IncomingRequest), Object(CodeIgniter\HTTP\Response), Object(CodeIgniter\Log\Logger))
 2 SYSTEMPATH/CodeIgniter.php(488): CodeIgniter\CodeIgniter->createController()
 3 SYSTEMPATH/CodeIgniter.php(340): CodeIgniter\CodeIgniter->handleRequest(null, Object(Config\Cache), false)
 4 SYSTEMPATH/Boot.php(417): CodeIgniter\CodeIgniter->run()
 5 SYSTEMPATH/Boot.php(68): CodeIgniter\Boot::runCodeIgniter(Object(CodeIgniter\CodeIgniter))
 6 FCPATH/index.php(59): CodeIgniter\Boot::bootWeb(Object(Config\Paths))
WARNING - 2026-05-30 07:25:37 --> [DEPRECATED] Creation of dynamic property App\Controllers\ProductController::$productsModel is deprecated in APPPATH/Controllers/ProductController.php on line 12.
 1 SYSTEMPATH/CodeIgniter.php(921): App\Controllers\ProductController->__construct()
 2 SYSTEMPATH/CodeIgniter.php(488): CodeIgniter\CodeIgniter->createController()
 3 SYSTEMPATH/CodeIgniter.php(340): CodeIgniter\CodeIgniter->handleRequest(null, Object(Config\Cache), false)
 4 SYSTEMPATH/Boot.php(417): CodeIgniter\CodeIgniter->run()
 5 SYSTEMPATH/Boot.php(68): CodeIgniter\Boot::runCodeIgniter(Object(CodeIgniter\CodeIgniter))
 6 FCPATH/index.php(59): CodeIgniter\Boot::bootWeb(Object(Config\Paths))
WARNING - 2026-05-30 07:25:37 --> [DEPRECATED] Creation of dynamic property App\Controllers\ProductController::$commonModel is deprecated in APPPATH/Controllers/ProductController.php on line 13.
 1 SYSTEMPATH/CodeIgniter.php(921): App\Controllers\ProductController->__construct()
 2 SYSTEMPATH/CodeIgniter.php(488): CodeIgniter\CodeIgniter->createController()
 3 SYSTEMPATH/CodeIgniter.php(340): CodeIgniter\CodeIgniter->handleRequest(null, Object(Config\Cache), false)
 4 SYSTEMPATH/Boot.php(417): CodeIgniter\CodeIgniter->run()
 5 SYSTEMPATH/Boot.php(68): CodeIgniter\Boot::runCodeIgniter(Object(CodeIgniter\CodeIgniter))
 6 FCPATH/index.php(59): CodeIgniter\Boot::bootWeb(Object(Config\Paths))
DEBUG - 2026-05-30 07:25:37 --> Session: Class initialized using 'CodeIgniter\Session\Handlers\FileHandler' driver.
WARNING - 2026-05-30 07:25:37 --> [DEPRECATED] Creation of dynamic property App\Controllers\ProductController::$session is deprecated in APPPATH/Controllers/BaseController.php on line 43.
 1 SYSTEMPATH/CodeIgniter.php(922): App\Controllers\BaseController->initController(Object(CodeIgniter\HTTP\IncomingRequest), Object(CodeIgniter\HTTP\Response), Object(CodeIgniter\Log\Logger))
 2 SYSTEMPATH/CodeIgniter.php(488): CodeIgniter\CodeIgniter->createController()
 3 SYSTEMPATH/CodeIgniter.php(340): CodeIgniter\CodeIgniter->handleRequest(null, Object(Config\Cache), false)
 4 SYSTEMPATH/Boot.php(417): CodeIgniter\CodeIgniter->run()
 5 SYSTEMPATH/Boot.php(68): CodeIgniter\Boot::runCodeIgniter(Object(CodeIgniter\CodeIgniter))
 6 FCPATH/index.php(59): CodeIgniter\Boot::bootWeb(Object(Config\Paths))
WARNING - 2026-05-30 07:25:39 --> [DEPRECATED] Creation of dynamic property App\Controllers\ProductController::$productsModel is deprecated in APPPATH/Controllers/ProductController.php on line 12.
 1 SYSTEMPATH/CodeIgniter.php(921): App\Controllers\ProductController->__construct()
 2 SYSTEMPATH/CodeIgniter.php(488): CodeIgniter\CodeIgniter->createController()
 3 SYSTEMPATH/CodeIgniter.php(340): CodeIgniter\CodeIgniter->handleRequest(null, Object(Config\Cache), false)
 4 SYSTEMPATH/Boot.php(417): CodeIgniter\CodeIgniter->run()
 5 SYSTEMPATH/Boot.php(68): CodeIgniter\Boot::runCodeIgniter(Object(CodeIgniter\CodeIgniter))
 6 FCPATH/index.php(59): CodeIgniter\Boot::bootWeb(Object(Config\Paths))
WARNING - 2026-05-30 07:25:39 --> [DEPRECATED] Creation of dynamic property App\Controllers\ProductController::$commonModel is deprecated in APPPATH/Controllers/ProductController.php on line 13.
 1 SYSTEMPATH/CodeIgniter.php(921): App\Controllers\ProductController->__construct()
 2 SYSTEMPATH/CodeIgniter.php(488): CodeIgniter\CodeIgniter->createController()
 3 SYSTEMPATH/CodeIgniter.php(340): CodeIgniter\CodeIgniter->handleRequest(null, Object(Config\Cache), false)
 4 SYSTEMPATH/Boot.php(417): CodeIgniter\CodeIgniter->run()
 5 SYSTEMPATH/Boot.php(68): CodeIgniter\Boot::runCodeIgniter(Object(CodeIgniter\CodeIgniter))
 6 FCPATH/index.php(59): CodeIgniter\Boot::bootWeb(Object(Config\Paths))
DEBUG - 2026-05-30 07:25:39 --> Session: Class initialized using 'CodeIgniter\Session\Handlers\FileHandler' driver.
WARNING - 2026-05-30 07:25:39 --> [DEPRECATED] Creation of dynamic property App\Controllers\ProductController::$session is deprecated in APPPATH/Controllers/BaseController.php on line 43.
 1 SYSTEMPATH/CodeIgniter.php(922): App\Controllers\BaseController->initController(Object(CodeIgniter\HTTP\IncomingRequest), Object(CodeIgniter\HTTP\Response), Object(CodeIgniter\Log\Logger))
 2 SYSTEMPATH/CodeIgniter.php(488): CodeIgniter\CodeIgniter->createController()
 3 SYSTEMPATH/CodeIgniter.php(340): CodeIgniter\CodeIgniter->handleRequest(null, Object(Config\Cache), false)
 4 SYSTEMPATH/Boot.php(417): CodeIgniter\CodeIgniter->run()
 5 SYSTEMPATH/Boot.php(68): CodeIgniter\Boot::runCodeIgniter(Object(CodeIgniter\CodeIgniter))
 6 FCPATH/index.php(59): CodeIgniter\Boot::bootWeb(Object(Config\Paths))
WARNING - 2026-05-30 07:25:43 --> [DEPRECATED] Creation of dynamic property App\Controllers\ProductController::$productsModel is deprecated in APPPATH/Controllers/ProductController.php on line 12.
 1 SYSTEMPATH/CodeIgniter.php(921): App\Controllers\ProductController->__construct()
 2 SYSTEMPATH/CodeIgniter.php(488): CodeIgniter\CodeIgniter->createController()
 3 SYSTEMPATH/CodeIgniter.php(340): CodeIgniter\CodeIgniter->handleRequest(null, Object(Config\Cache), false)
 4 SYSTEMPATH/Boot.php(417): CodeIgniter\CodeIgniter->run()
 5 SYSTEMPATH/Boot.php(68): CodeIgniter\Boot::runCodeIgniter(Object(CodeIgniter\CodeIgniter))
 6 FCPATH/index.php(59): CodeIgniter\Boot::bootWeb(Object(Config\Paths))
WARNING - 2026-05-30 07:25:43 --> [DEPRECATED] Creation of dynamic property App\Controllers\ProductController::$commonModel is deprecated in APPPATH/Controllers/ProductController.php on line 13.
 1 SYSTEMPATH/CodeIgniter.php(921): App\Controllers\ProductController->__construct()
 2 SYSTEMPATH/CodeIgniter.php(488): CodeIgniter\CodeIgniter->createController()
 3 SYSTEMPATH/CodeIgniter.php(340): CodeIgniter\CodeIgniter->handleRequest(null, Object(Config\Cache), false)
 4 SYSTEMPATH/Boot.php(417): CodeIgniter\CodeIgniter->run()
 5 SYSTEMPATH/Boot.php(68): CodeIgniter\Boot::runCodeIgniter(Object(CodeIgniter\CodeIgniter))
 6 FCPATH/index.php(59): CodeIgniter\Boot::bootWeb(Object(Config\Paths))
DEBUG - 2026-05-30 07:25:43 --> Session: Class initialized using 'CodeIgniter\Session\Handlers\FileHandler' driver.
WARNING - 2026-05-30 07:25:43 --> [DEPRECATED] Creation of dynamic property App\Controllers\ProductController::$session is deprecated in APPPATH/Controllers/BaseController.php on line 43.
 1 SYSTEMPATH/CodeIgniter.php(922): App\Controllers\BaseController->initController(Object(CodeIgniter\HTTP\IncomingRequest), Object(CodeIgniter\HTTP\Response), Object(CodeIgniter\Log\Logger))
 2 SYSTEMPATH/CodeIgniter.php(488): CodeIgniter\CodeIgniter->createController()
 3 SYSTEMPATH/CodeIgniter.php(340): CodeIgniter\CodeIgniter->handleRequest(null, Object(Config\Cache), false)
 4 SYSTEMPATH/Boot.php(417): CodeIgniter\CodeIgniter->run()
 5 SYSTEMPATH/Boot.php(68): CodeIgniter\Boot::runCodeIgniter(Object(CodeIgniter\CodeIgniter))
 6 FCPATH/index.php(59): CodeIgniter\Boot::bootWeb(Object(Config\Paths))
WARNING - 2026-05-30 07:25:45 --> [DEPRECATED] Creation of dynamic property App\Controllers\ProductController::$productsModel is deprecated in APPPATH/Controllers/ProductController.php on line 12.
 1 SYSTEMPATH/CodeIgniter.php(921): App\Controllers\ProductController->__construct()
 2 SYSTEMPATH/CodeIgniter.php(488): CodeIgniter\CodeIgniter->createController()
 3 SYSTEMPATH/CodeIgniter.php(340): CodeIgniter\CodeIgniter->handleRequest(null, Object(Config\Cache), false)
 4 SYSTEMPATH/Boot.php(417): CodeIgniter\CodeIgniter->run()
 5 SYSTEMPATH/Boot.php(68): CodeIgniter\Boot::runCodeIgniter(Object(CodeIgniter\CodeIgniter))
 6 FCPATH/index.php(59): CodeIgniter\Boot::bootWeb(Object(Config\Paths))
WARNING - 2026-05-30 07:25:45 --> [DEPRECATED] Creation of dynamic property App\Controllers\ProductController::$commonModel is deprecated in APPPATH/Controllers/ProductController.php on line 13.
 1 SYSTEMPATH/CodeIgniter.php(921): App\Controllers\ProductController->__construct()
 2 SYSTEMPATH/CodeIgniter.php(488): CodeIgniter\CodeIgniter->createController()
 3 SYSTEMPATH/CodeIgniter.php(340): CodeIgniter\CodeIgniter->handleRequest(null, Object(Config\Cache), false)
 4 SYSTEMPATH/Boot.php(417): CodeIgniter\CodeIgniter->run()
 5 SYSTEMPATH/Boot.php(68): CodeIgniter\Boot::runCodeIgniter(Object(CodeIgniter\CodeIgniter))
 6 FCPATH/index.php(59): CodeIgniter\Boot::bootWeb(Object(Config\Paths))
DEBUG - 2026-05-30 07:25:45 --> Session: Class initialized using 'CodeIgniter\Session\Handlers\FileHandler' driver.
WARNING - 2026-05-30 07:25:45 --> [DEPRECATED] Creation of dynamic property App\Controllers\ProductController::$session is deprecated in APPPATH/Controllers/BaseController.php on line 43.
 1 SYSTEMPATH/CodeIgniter.php(922): App\Controllers\BaseController->initController(Object(CodeIgniter\HTTP\IncomingRequest), Object(CodeIgniter\HTTP\Response), Object(CodeIgniter\Log\Logger))
 2 SYSTEMPATH/CodeIgniter.php(488): CodeIgniter\CodeIgniter->createController()
 3 SYSTEMPATH/CodeIgniter.php(340): CodeIgniter\CodeIgniter->handleRequest(null, Object(Config\Cache), false)
 4 SYSTEMPATH/Boot.php(417): CodeIgniter\CodeIgniter->run()
 5 SYSTEMPATH/Boot.php(68): CodeIgniter\Boot::runCodeIgniter(Object(CodeIgniter\CodeIgniter))
 6 FCPATH/index.php(59): CodeIgniter\Boot::bootWeb(Object(Config\Paths))
WARNING - 2026-05-30 07:25:46 --> [DEPRECATED] Creation of dynamic property App\Controllers\ProductController::$productsModel is deprecated in APPPATH/Controllers/ProductController.php on line 12.
 1 SYSTEMPATH/CodeIgniter.php(921): App\Controllers\ProductController->__construct()
 2 SYSTEMPATH/CodeIgniter.php(488): CodeIgniter\CodeIgniter->createController()
 3 SYSTEMPATH/CodeIgniter.php(340): CodeIgniter\CodeIgniter->handleRequest(null, Object(Config\Cache), false)
 4 SYSTEMPATH/Boot.php(417): CodeIgniter\CodeIgniter->run()
 5 SYSTEMPATH/Boot.php(68): CodeIgniter\Boot::runCodeIgniter(Object(CodeIgniter\CodeIgniter))
 6 FCPATH/index.php(59): CodeIgniter\Boot::bootWeb(Object(Config\Paths))
WARNING - 2026-05-30 07:25:46 --> [DEPRECATED] Creation of dynamic property App\Controllers\ProductController::$commonModel is deprecated in APPPATH/Controllers/ProductController.php on line 13.
 1 SYSTEMPATH/CodeIgniter.php(921): App\Controllers\ProductController->__construct()
 2 SYSTEMPATH/CodeIgniter.php(488): CodeIgniter\CodeIgniter->createController()
 3 SYSTEMPATH/CodeIgniter.php(340): CodeIgniter\CodeIgniter->handleRequest(null, Object(Config\Cache), false)
 4 SYSTEMPATH/Boot.php(417): CodeIgniter\CodeIgniter->run()
 5 SYSTEMPATH/Boot.php(68): CodeIgniter\Boot::runCodeIgniter(Object(CodeIgniter\CodeIgniter))
 6 FCPATH/index.php(59): CodeIgniter\Boot::bootWeb(Object(Config\Paths))
DEBUG - 2026-05-30 07:25:46 --> Session: Class initialized using 'CodeIgniter\Session\Handlers\FileHandler' driver.
WARNING - 2026-05-30 07:25:46 --> [DEPRECATED] Creation of dynamic property App\Controllers\ProductController::$session is deprecated in APPPATH/Controllers/BaseController.php on line 43.
 1 SYSTEMPATH/CodeIgniter.php(922): App\Controllers\BaseController->initController(Object(CodeIgniter\HTTP\IncomingRequest), Object(CodeIgniter\HTTP\Response), Object(CodeIgniter\Log\Logger))
 2 SYSTEMPATH/CodeIgniter.php(488): CodeIgniter\CodeIgniter->createController()
 3 SYSTEMPATH/CodeIgniter.php(340): CodeIgniter\CodeIgniter->handleRequest(null, Object(Config\Cache), false)
 4 SYSTEMPATH/Boot.php(417): CodeIgniter\CodeIgniter->run()
 5 SYSTEMPATH/Boot.php(68): CodeIgniter\Boot::runCodeIgniter(Object(CodeIgniter\CodeIgniter))
 6 FCPATH/index.php(59): CodeIgniter\Boot::bootWeb(Object(Config\Paths))
WARNING - 2026-05-30 07:25:46 --> [DEPRECATED] Creation of dynamic property App\Controllers\ProductController::$productsModel is deprecated in APPPATH/Controllers/ProductController.php on line 12.
 1 SYSTEMPATH/CodeIgniter.php(921): App\Controllers\ProductController->__construct()
 2 SYSTEMPATH/CodeIgniter.php(488): CodeIgniter\CodeIgniter->createController()
 3 SYSTEMPATH/CodeIgniter.php(340): CodeIgniter\CodeIgniter->handleRequest(null, Object(Config\Cache), false)
 4 SYSTEMPATH/Boot.php(417): CodeIgniter\CodeIgniter->run()
 5 SYSTEMPATH/Boot.php(68): CodeIgniter\Boot::runCodeIgniter(Object(CodeIgniter\CodeIgniter))
 6 FCPATH/index.php(59): CodeIgniter\Boot::bootWeb(Object(Config\Paths))
WARNING - 2026-05-30 07:25:46 --> [DEPRECATED] Creation of dynamic property App\Controllers\ProductController::$commonModel is deprecated in APPPATH/Controllers/ProductController.php on line 13.
 1 SYSTEMPATH/CodeIgniter.php(921): App\Controllers\ProductController->__construct()
 2 SYSTEMPATH/CodeIgniter.php(488): CodeIgniter\CodeIgniter->createController()
 3 SYSTEMPATH/CodeIgniter.php(340): CodeIgniter\CodeIgniter->handleRequest(null, Object(Config\Cache), false)
 4 SYSTEMPATH/Boot.php(417): CodeIgniter\CodeIgniter->run()
 5 SYSTEMPATH/Boot.php(68): CodeIgniter\Boot::runCodeIgniter(Object(CodeIgniter\CodeIgniter))
 6 FCPATH/index.php(59): CodeIgniter\Boot::bootWeb(Object(Config\Paths))
DEBUG - 2026-05-30 07:25:46 --> Session: Class initialized using 'CodeIgniter\Session\Handlers\FileHandler' driver.
WARNING - 2026-05-30 07:25:46 --> [DEPRECATED] Creation of dynamic property App\Controllers\ProductController::$session is deprecated in APPPATH/Controllers/BaseController.php on line 43.
 1 SYSTEMPATH/CodeIgniter.php(922): App\Controllers\BaseController->initController(Object(CodeIgniter\HTTP\IncomingRequest), Object(CodeIgniter\HTTP\Response), Object(CodeIgniter\Log\Logger))
 2 SYSTEMPATH/CodeIgniter.php(488): CodeIgniter\CodeIgniter->createController()
 3 SYSTEMPATH/CodeIgniter.php(340): CodeIgniter\CodeIgniter->handleRequest(null, Object(Config\Cache), false)
 4 SYSTEMPATH/Boot.php(417): CodeIgniter\CodeIgniter->run()
 5 SYSTEMPATH/Boot.php(68): CodeIgniter\Boot::runCodeIgniter(Object(CodeIgniter\CodeIgniter))
 6 FCPATH/index.php(59): CodeIgniter\Boot::bootWeb(Object(Config\Paths))
WARNING - 2026-05-30 07:25:51 --> [DEPRECATED] Creation of dynamic property App\Controllers\ProductController::$productsModel is deprecated in APPPATH/Controllers/ProductController.php on line 12.
 1 SYSTEMPATH/CodeIgniter.php(921): App\Controllers\ProductController->__construct()
 2 SYSTEMPATH/CodeIgniter.php(488): CodeIgniter\CodeIgniter->createController()
 3 SYSTEMPATH/CodeIgniter.php(340): CodeIgniter\CodeIgniter->handleRequest(null, Object(Config\Cache), false)
 4 SYSTEMPATH/Boot.php(417): CodeIgniter\CodeIgniter->run()
 5 SYSTEMPATH/Boot.php(68): CodeIgniter\Boot::runCodeIgniter(Object(CodeIgniter\CodeIgniter))
 6 FCPATH/index.php(59): CodeIgniter\Boot::bootWeb(Object(Config\Paths))
WARNING - 2026-05-30 07:25:51 --> [DEPRECATED] Creation of dynamic property App\Controllers\ProductController::$commonModel is deprecated in APPPATH/Controllers/ProductController.php on line 13.
 1 SYSTEMPATH/CodeIgniter.php(921): App\Controllers\ProductController->__construct()
 2 SYSTEMPATH/CodeIgniter.php(488): CodeIgniter\CodeIgniter->createController()
 3 SYSTEMPATH/CodeIgniter.php(340): CodeIgniter\CodeIgniter->handleRequest(null, Object(Config\Cache), false)
 4 SYSTEMPATH/Boot.php(417): CodeIgniter\CodeIgniter->run()
 5 SYSTEMPATH/Boot.php(68): CodeIgniter\Boot::runCodeIgniter(Object(CodeIgniter\CodeIgniter))
 6 FCPATH/index.php(59): CodeIgniter\Boot::bootWeb(Object(Config\Paths))
DEBUG - 2026-05-30 07:25:51 --> Session: Class initialized using 'CodeIgniter\Session\Handlers\FileHandler' driver.
WARNING - 2026-05-30 07:25:51 --> [DEPRECATED] Creation of dynamic property App\Controllers\ProductController::$session is deprecated in APPPATH/Controllers/BaseController.php on line 43.
 1 SYSTEMPATH/CodeIgniter.php(922): App\Controllers\BaseController->initController(Object(CodeIgniter\HTTP\IncomingRequest), Object(CodeIgniter\HTTP\Response), Object(CodeIgniter\Log\Logger))
 2 SYSTEMPATH/CodeIgniter.php(488): CodeIgniter\CodeIgniter->createController()
 3 SYSTEMPATH/CodeIgniter.php(340): CodeIgniter\CodeIgniter->handleRequest(null, Object(Config\Cache), false)
 4 SYSTEMPATH/Boot.php(417): CodeIgniter\CodeIgniter->run()
 5 SYSTEMPATH/Boot.php(68): CodeIgniter\Boot::runCodeIgniter(Object(CodeIgniter\CodeIgniter))
 6 FCPATH/index.php(59): CodeIgniter\Boot::bootWeb(Object(Config\Paths))
WARNING - 2026-05-30 07:25:53 --> [DEPRECATED] Creation of dynamic property App\Controllers\ProductController::$productsModel is deprecated in APPPATH/Controllers/ProductController.php on line 12.
 1 SYSTEMPATH/CodeIgniter.php(921): App\Controllers\ProductController->__construct()
 2 SYSTEMPATH/CodeIgniter.php(488): CodeIgniter\CodeIgniter->createController()
 3 SYSTEMPATH/CodeIgniter.php(340): CodeIgniter\CodeIgniter->handleRequest(null, Object(Config\Cache), false)
 4 SYSTEMPATH/Boot.php(417): CodeIgniter\CodeIgniter->run()
 5 SYSTEMPATH/Boot.php(68): CodeIgniter\Boot::runCodeIgniter(Object(CodeIgniter\CodeIgniter))
 6 FCPATH/index.php(59): CodeIgniter\Boot::bootWeb(Object(Config\Paths))
WARNING - 2026-05-30 07:25:53 --> [DEPRECATED] Creation of dynamic property App\Controllers\ProductController::$commonModel is deprecated in APPPATH/Controllers/ProductController.php on line 13.
 1 SYSTEMPATH/CodeIgniter.php(921): App\Controllers\ProductController->__construct()
 2 SYSTEMPATH/CodeIgniter.php(488): CodeIgniter\CodeIgniter->createController()
 3 SYSTEMPATH/CodeIgniter.php(340): CodeIgniter\CodeIgniter->handleRequest(null, Object(Config\Cache), false)
 4 SYSTEMPATH/Boot.php(417): CodeIgniter\CodeIgniter->run()
 5 SYSTEMPATH/Boot.php(68): CodeIgniter\Boot::runCodeIgniter(Object(CodeIgniter\CodeIgniter))
 6 FCPATH/index.php(59): CodeIgniter\Boot::bootWeb(Object(Config\Paths))
DEBUG - 2026-05-30 07:25:53 --> Session: Class initialized using 'CodeIgniter\Session\Handlers\FileHandler' driver.
WARNING - 2026-05-30 07:25:53 --> [DEPRECATED] Creation of dynamic property App\Controllers\ProductController::$session is deprecated in APPPATH/Controllers/BaseController.php on line 43.
 1 SYSTEMPATH/CodeIgniter.php(922): App\Controllers\BaseController->initController(Object(CodeIgniter\HTTP\IncomingRequest), Object(CodeIgniter\HTTP\Response), Object(CodeIgniter\Log\Logger))
 2 SYSTEMPATH/CodeIgniter.php(488): CodeIgniter\CodeIgniter->createController()
 3 SYSTEMPATH/CodeIgniter.php(340): CodeIgniter\CodeIgniter->handleRequest(null, Object(Config\Cache), false)
 4 SYSTEMPATH/Boot.php(417): CodeIgniter\CodeIgniter->run()
 5 SYSTEMPATH/Boot.php(68): CodeIgniter\Boot::runCodeIgniter(Object(CodeIgniter\CodeIgniter))
 6 FCPATH/index.php(59): CodeIgniter\Boot::bootWeb(Object(Config\Paths))
WARNING - 2026-05-30 07:25:54 --> [DEPRECATED] Creation of dynamic property App\Controllers\ProductController::$productsModel is deprecated in APPPATH/Controllers/ProductController.php on line 12.
 1 SYSTEMPATH/CodeIgniter.php(921): App\Controllers\ProductController->__construct()
 2 SYSTEMPATH/CodeIgniter.php(488): CodeIgniter\CodeIgniter->createController()
 3 SYSTEMPATH/CodeIgniter.php(340): CodeIgniter\CodeIgniter->handleRequest(null, Object(Config\Cache), false)
 4 SYSTEMPATH/Boot.php(417): CodeIgniter\CodeIgniter->run()
 5 SYSTEMPATH/Boot.php(68): CodeIgniter\Boot::runCodeIgniter(Object(CodeIgniter\CodeIgniter))
 6 FCPATH/index.php(59): CodeIgniter\Boot::bootWeb(Object(Config\Paths))
WARNING - 2026-05-30 07:25:54 --> [DEPRECATED] Creation of dynamic property App\Controllers\ProductController::$commonModel is deprecated in APPPATH/Controllers/ProductController.php on line 13.
 1 SYSTEMPATH/CodeIgniter.php(921): App\Controllers\ProductController->__construct()
 2 SYSTEMPATH/CodeIgniter.php(488): CodeIgniter\CodeIgniter->createController()
 3 SYSTEMPATH/CodeIgniter.php(340): CodeIgniter\CodeIgniter->handleRequest(null, Object(Config\Cache), false)
 4 SYSTEMPATH/Boot.php(417): CodeIgniter\CodeIgniter->run()
 5 SYSTEMPATH/Boot.php(68): CodeIgniter\Boot::runCodeIgniter(Object(CodeIgniter\CodeIgniter))
 6 FCPATH/index.php(59): CodeIgniter\Boot::bootWeb(Object(Config\Paths))
DEBUG - 2026-05-30 07:25:54 --> Session: Class initialized using 'CodeIgniter\Session\Handlers\FileHandler' driver.
WARNING - 2026-05-30 07:25:54 --> [DEPRECATED] Creation of dynamic property App\Controllers\ProductController::$session is deprecated in APPPATH/Controllers/BaseController.php on line 43.
 1 SYSTEMPATH/CodeIgniter.php(922): App\Controllers\BaseController->initController(Object(CodeIgniter\HTTP\IncomingRequest), Object(CodeIgniter\HTTP\Response), Object(CodeIgniter\Log\Logger))
 2 SYSTEMPATH/CodeIgniter.php(488): CodeIgniter\CodeIgniter->createController()
 3 SYSTEMPATH/CodeIgniter.php(340): CodeIgniter\CodeIgniter->handleRequest(null, Object(Config\Cache), false)
 4 SYSTEMPATH/Boot.php(417): CodeIgniter\CodeIgniter->run()
 5 SYSTEMPATH/Boot.php(68): CodeIgniter\Boot::runCodeIgniter(Object(CodeIgniter\CodeIgniter))
 6 FCPATH/index.php(59): CodeIgniter\Boot::bootWeb(Object(Config\Paths))
WARNING - 2026-05-30 07:25:55 --> [DEPRECATED] Creation of dynamic property App\Controllers\ProductController::$productsModel is deprecated in APPPATH/Controllers/ProductController.php on line 12.
 1 SYSTEMPATH/CodeIgniter.php(921): App\Controllers\ProductController->__construct()
 2 SYSTEMPATH/CodeIgniter.php(488): CodeIgniter\CodeIgniter->createController()
 3 SYSTEMPATH/CodeIgniter.php(340): CodeIgniter\CodeIgniter->handleRequest(null, Object(Config\Cache), false)
 4 SYSTEMPATH/Boot.php(417): CodeIgniter\CodeIgniter->run()
 5 SYSTEMPATH/Boot.php(68): CodeIgniter\Boot::runCodeIgniter(Object(CodeIgniter\CodeIgniter))
 6 FCPATH/index.php(59): CodeIgniter\Boot::bootWeb(Object(Config\Paths))
WARNING - 2026-05-30 07:25:55 --> [DEPRECATED] Creation of dynamic property App\Controllers\ProductController::$commonModel is deprecated in APPPATH/Controllers/ProductController.php on line 13.
 1 SYSTEMPATH/CodeIgniter.php(921): App\Controllers\ProductController->__construct()
 2 SYSTEMPATH/CodeIgniter.php(488): CodeIgniter\CodeIgniter->createController()
 3 SYSTEMPATH/CodeIgniter.php(340): CodeIgniter\CodeIgniter->handleRequest(null, Object(Config\Cache), false)
 4 SYSTEMPATH/Boot.php(417): CodeIgniter\CodeIgniter->run()
 5 SYSTEMPATH/Boot.php(68): CodeIgniter\Boot::runCodeIgniter(Object(CodeIgniter\CodeIgniter))
 6 FCPATH/index.php(59): CodeIgniter\Boot::bootWeb(Object(Config\Paths))
DEBUG - 2026-05-30 07:25:55 --> Session: Class initialized using 'CodeIgniter\Session\Handlers\FileHandler' driver.
WARNING - 2026-05-30 07:25:55 --> [DEPRECATED] Creation of dynamic property App\Controllers\ProductController::$session is deprecated in APPPATH/Controllers/BaseController.php on line 43.
 1 SYSTEMPATH/CodeIgniter.php(922): App\Controllers\BaseController->initController(Object(CodeIgniter\HTTP\IncomingRequest), Object(CodeIgniter\HTTP\Response), Object(CodeIgniter\Log\Logger))
 2 SYSTEMPATH/CodeIgniter.php(488): CodeIgniter\CodeIgniter->createController()
 3 SYSTEMPATH/CodeIgniter.php(340): CodeIgniter\CodeIgniter->handleRequest(null, Object(Config\Cache), false)
 4 SYSTEMPATH/Boot.php(417): CodeIgniter\CodeIgniter->run()
 5 SYSTEMPATH/Boot.php(68): CodeIgniter\Boot::runCodeIgniter(Object(CodeIgniter\CodeIgniter))
 6 FCPATH/index.php(59): CodeIgniter\Boot::bootWeb(Object(Config\Paths))
WARNING - 2026-05-30 07:25:56 --> [DEPRECATED] Creation of dynamic property App\Controllers\ProductController::$productsModel is deprecated in APPPATH/Controllers/ProductController.php on line 12.
 1 SYSTEMPATH/CodeIgniter.php(921): App\Controllers\ProductController->__construct()
 2 SYSTEMPATH/CodeIgniter.php(488): CodeIgniter\CodeIgniter->createController()
 3 SYSTEMPATH/CodeIgniter.php(340): CodeIgniter\CodeIgniter->handleRequest(null, Object(Config\Cache), false)
 4 SYSTEMPATH/Boot.php(417): CodeIgniter\CodeIgniter->run()
 5 SYSTEMPATH/Boot.php(68): CodeIgniter\Boot::runCodeIgniter(Object(CodeIgniter\CodeIgniter))
 6 FCPATH/index.php(59): CodeIgniter\Boot::bootWeb(Object(Config\Paths))
WARNING - 2026-05-30 07:25:56 --> [DEPRECATED] Creation of dynamic property App\Controllers\ProductController::$commonModel is deprecated in APPPATH/Controllers/ProductController.php on line 13.
 1 SYSTEMPATH/CodeIgniter.php(921): App\Controllers\ProductController->__construct()
 2 SYSTEMPATH/CodeIgniter.php(488): CodeIgniter\CodeIgniter->createController()
 3 SYSTEMPATH/CodeIgniter.php(340): CodeIgniter\CodeIgniter->handleRequest(null, Object(Config\Cache), false)
 4 SYSTEMPATH/Boot.php(417): CodeIgniter\CodeIgniter->run()
 5 SYSTEMPATH/Boot.php(68): CodeIgniter\Boot::runCodeIgniter(Object(CodeIgniter\CodeIgniter))
 6 FCPATH/index.php(59): CodeIgniter\Boot::bootWeb(Object(Config\Paths))
DEBUG - 2026-05-30 07:25:56 --> Session: Class initialized using 'CodeIgniter\Session\Handlers\FileHandler' driver.
WARNING - 2026-05-30 07:25:56 --> [DEPRECATED] Creation of dynamic property App\Controllers\ProductController::$session is deprecated in APPPATH/Controllers/BaseController.php on line 43.
 1 SYSTEMPATH/CodeIgniter.php(922): App\Controllers\BaseController->initController(Object(CodeIgniter\HTTP\IncomingRequest), Object(CodeIgniter\HTTP\Response), Object(CodeIgniter\Log\Logger))
 2 SYSTEMPATH/CodeIgniter.php(488): CodeIgniter\CodeIgniter->createController()
 3 SYSTEMPATH/CodeIgniter.php(340): CodeIgniter\CodeIgniter->handleRequest(null, Object(Config\Cache), false)
 4 SYSTEMPATH/Boot.php(417): CodeIgniter\CodeIgniter->run()
 5 SYSTEMPATH/Boot.php(68): CodeIgniter\Boot::runCodeIgniter(Object(CodeIgniter\CodeIgniter))
 6 FCPATH/index.php(59): CodeIgniter\Boot::bootWeb(Object(Config\Paths))
WARNING - 2026-05-30 07:25:59 --> [DEPRECATED] Creation of dynamic property App\Controllers\ProductController::$productsModel is deprecated in APPPATH/Controllers/ProductController.php on line 12.
 1 SYSTEMPATH/CodeIgniter.php(921): App\Controllers\ProductController->__construct()
 2 SYSTEMPATH/CodeIgniter.php(488): CodeIgniter\CodeIgniter->createController()
 3 SYSTEMPATH/CodeIgniter.php(340): CodeIgniter\CodeIgniter->handleRequest(null, Object(Config\Cache), false)
 4 SYSTEMPATH/Boot.php(417): CodeIgniter\CodeIgniter->run()
 5 SYSTEMPATH/Boot.php(68): CodeIgniter\Boot::runCodeIgniter(Object(CodeIgniter\CodeIgniter))
 6 FCPATH/index.php(59): CodeIgniter\Boot::bootWeb(Object(Config\Paths))
WARNING - 2026-05-30 07:25:59 --> [DEPRECATED] Creation of dynamic property App\Controllers\ProductController::$commonModel is deprecated in APPPATH/Controllers/ProductController.php on line 13.
 1 SYSTEMPATH/CodeIgniter.php(921): App\Controllers\ProductController->__construct()
 2 SYSTEMPATH/CodeIgniter.php(488): CodeIgniter\CodeIgniter->createController()
 3 SYSTEMPATH/CodeIgniter.php(340): CodeIgniter\CodeIgniter->handleRequest(null, Object(Config\Cache), false)
 4 SYSTEMPATH/Boot.php(417): CodeIgniter\CodeIgniter->run()
 5 SYSTEMPATH/Boot.php(68): CodeIgniter\Boot::runCodeIgniter(Object(CodeIgniter\CodeIgniter))
 6 FCPATH/index.php(59): CodeIgniter\Boot::bootWeb(Object(Config\Paths))
DEBUG - 2026-05-30 07:25:59 --> Session: Class initialized using 'CodeIgniter\Session\Handlers\FileHandler' driver.
WARNING - 2026-05-30 07:25:59 --> [DEPRECATED] Creation of dynamic property App\Controllers\ProductController::$session is deprecated in APPPATH/Controllers/BaseController.php on line 43.
 1 SYSTEMPATH/CodeIgniter.php(922): App\Controllers\BaseController->initController(Object(CodeIgniter\HTTP\IncomingRequest), Object(CodeIgniter\HTTP\Response), Object(CodeIgniter\Log\Logger))
 2 SYSTEMPATH/CodeIgniter.php(488): CodeIgniter\CodeIgniter->createController()
 3 SYSTEMPATH/CodeIgniter.php(340): CodeIgniter\CodeIgniter->handleRequest(null, Object(Config\Cache), false)
 4 SYSTEMPATH/Boot.php(417): CodeIgniter\CodeIgniter->run()
 5 SYSTEMPATH/Boot.php(68): CodeIgniter\Boot::runCodeIgniter(Object(CodeIgniter\CodeIgniter))
 6 FCPATH/index.php(59): CodeIgniter\Boot::bootWeb(Object(Config\Paths))
WARNING - 2026-05-30 07:26:00 --> [DEPRECATED] Creation of dynamic property App\Controllers\ProductController::$productsModel is deprecated in APPPATH/Controllers/ProductController.php on line 12.
 1 SYSTEMPATH/CodeIgniter.php(921): App\Controllers\ProductController->__construct()
 2 SYSTEMPATH/CodeIgniter.php(488): CodeIgniter\CodeIgniter->createController()
 3 SYSTEMPATH/CodeIgniter.php(340): CodeIgniter\CodeIgniter->handleRequest(null, Object(Config\Cache), false)
 4 SYSTEMPATH/Boot.php(417): CodeIgniter\CodeIgniter->run()
 5 SYSTEMPATH/Boot.php(68): CodeIgniter\Boot::runCodeIgniter(Object(CodeIgniter\CodeIgniter))
 6 FCPATH/index.php(59): CodeIgniter\Boot::bootWeb(Object(Config\Paths))
WARNING - 2026-05-30 07:26:00 --> [DEPRECATED] Creation of dynamic property App\Controllers\ProductController::$commonModel is deprecated in APPPATH/Controllers/ProductController.php on line 13.
 1 SYSTEMPATH/CodeIgniter.php(921): App\Controllers\ProductController->__construct()
 2 SYSTEMPATH/CodeIgniter.php(488): CodeIgniter\CodeIgniter->createController()
 3 SYSTEMPATH/CodeIgniter.php(340): CodeIgniter\CodeIgniter->handleRequest(null, Object(Config\Cache), false)
 4 SYSTEMPATH/Boot.php(417): CodeIgniter\CodeIgniter->run()
 5 SYSTEMPATH/Boot.php(68): CodeIgniter\Boot::runCodeIgniter(Object(CodeIgniter\CodeIgniter))
 6 FCPATH/index.php(59): CodeIgniter\Boot::bootWeb(Object(Config\Paths))
DEBUG - 2026-05-30 07:26:00 --> Session: Class initialized using 'CodeIgniter\Session\Handlers\FileHandler' driver.
WARNING - 2026-05-30 07:26:00 --> [DEPRECATED] Creation of dynamic property App\Controllers\ProductController::$session is deprecated in APPPATH/Controllers/BaseController.php on line 43.
 1 SYSTEMPATH/CodeIgniter.php(922): App\Controllers\BaseController->initController(Object(CodeIgniter\HTTP\IncomingRequest), Object(CodeIgniter\HTTP\Response), Object(CodeIgniter\Log\Logger))
 2 SYSTEMPATH/CodeIgniter.php(488): CodeIgniter\CodeIgniter->createController()
 3 SYSTEMPATH/CodeIgniter.php(340): CodeIgniter\CodeIgniter->handleRequest(null, Object(Config\Cache), false)
 4 SYSTEMPATH/Boot.php(417): CodeIgniter\CodeIgniter->run()
 5 SYSTEMPATH/Boot.php(68): CodeIgniter\Boot::runCodeIgniter(Object(CodeIgniter\CodeIgniter))
 6 FCPATH/index.php(59): CodeIgniter\Boot::bootWeb(Object(Config\Paths))
WARNING - 2026-05-30 07:26:02 --> [DEPRECATED] Creation of dynamic property App\Controllers\ProductController::$productsModel is deprecated in APPPATH/Controllers/ProductController.php on line 12.
 1 SYSTEMPATH/CodeIgniter.php(921): App\Controllers\ProductController->__construct()
 2 SYSTEMPATH/CodeIgniter.php(488): CodeIgniter\CodeIgniter->createController()
 3 SYSTEMPATH/CodeIgniter.php(340): CodeIgniter\CodeIgniter->handleRequest(null, Object(Config\Cache), false)
 4 SYSTEMPATH/Boot.php(417): CodeIgniter\CodeIgniter->run()
 5 SYSTEMPATH/Boot.php(68): CodeIgniter\Boot::runCodeIgniter(Object(CodeIgniter\CodeIgniter))
 6 FCPATH/index.php(59): CodeIgniter\Boot::bootWeb(Object(Config\Paths))
WARNING - 2026-05-30 07:26:02 --> [DEPRECATED] Creation of dynamic property App\Controllers\ProductController::$commonModel is deprecated in APPPATH/Controllers/ProductController.php on line 13.
 1 SYSTEMPATH/CodeIgniter.php(921): App\Controllers\ProductController->__construct()
 2 SYSTEMPATH/CodeIgniter.php(488): CodeIgniter\CodeIgniter->createController()
 3 SYSTEMPATH/CodeIgniter.php(340): CodeIgniter\CodeIgniter->handleRequest(null, Object(Config\Cache), false)
 4 SYSTEMPATH/Boot.php(417): CodeIgniter\CodeIgniter->run()
 5 SYSTEMPATH/Boot.php(68): CodeIgniter\Boot::runCodeIgniter(Object(CodeIgniter\CodeIgniter))
 6 FCPATH/index.php(59): CodeIgniter\Boot::bootWeb(Object(Config\Paths))
DEBUG - 2026-05-30 07:26:02 --> Session: Class initialized using 'CodeIgniter\Session\Handlers\FileHandler' driver.
WARNING - 2026-05-30 07:26:02 --> [DEPRECATED] Creation of dynamic property App\Controllers\ProductController::$session is deprecated in APPPATH/Controllers/BaseController.php on line 43.
 1 SYSTEMPATH/CodeIgniter.php(922): App\Controllers\BaseController->initController(Object(CodeIgniter\HTTP\IncomingRequest), Object(CodeIgniter\HTTP\Response), Object(CodeIgniter\Log\Logger))
 2 SYSTEMPATH/CodeIgniter.php(488): CodeIgniter\CodeIgniter->createController()
 3 SYSTEMPATH/CodeIgniter.php(340): CodeIgniter\CodeIgniter->handleRequest(null, Object(Config\Cache), false)
 4 SYSTEMPATH/Boot.php(417): CodeIgniter\CodeIgniter->run()
 5 SYSTEMPATH/Boot.php(68): CodeIgniter\Boot::runCodeIgniter(Object(CodeIgniter\CodeIgniter))
 6 FCPATH/index.php(59): CodeIgniter\Boot::bootWeb(Object(Config\Paths))
WARNING - 2026-05-30 07:26:03 --> [DEPRECATED] Creation of dynamic property App\Controllers\ProductController::$productsModel is deprecated in APPPATH/Controllers/ProductController.php on line 12.
 1 SYSTEMPATH/CodeIgniter.php(921): App\Controllers\ProductController->__construct()
 2 SYSTEMPATH/CodeIgniter.php(488): CodeIgniter\CodeIgniter->createController()
 3 SYSTEMPATH/CodeIgniter.php(340): CodeIgniter\CodeIgniter->handleRequest(null, Object(Config\Cache), false)
 4 SYSTEMPATH/Boot.php(417): CodeIgniter\CodeIgniter->run()
 5 SYSTEMPATH/Boot.php(68): CodeIgniter\Boot::runCodeIgniter(Object(CodeIgniter\CodeIgniter))
 6 FCPATH/index.php(59): CodeIgniter\Boot::bootWeb(Object(Config\Paths))
WARNING - 2026-05-30 07:26:03 --> [DEPRECATED] Creation of dynamic property App\Controllers\ProductController::$commonModel is deprecated in APPPATH/Controllers/ProductController.php on line 13.
 1 SYSTEMPATH/CodeIgniter.php(921): App\Controllers\ProductController->__construct()
 2 SYSTEMPATH/CodeIgniter.php(488): CodeIgniter\CodeIgniter->createController()
 3 SYSTEMPATH/CodeIgniter.php(340): CodeIgniter\CodeIgniter->handleRequest(null, Object(Config\Cache), false)
 4 SYSTEMPATH/Boot.php(417): CodeIgniter\CodeIgniter->run()
 5 SYSTEMPATH/Boot.php(68): CodeIgniter\Boot::runCodeIgniter(Object(CodeIgniter\CodeIgniter))
 6 FCPATH/index.php(59): CodeIgniter\Boot::bootWeb(Object(Config\Paths))
DEBUG - 2026-05-30 07:26:03 --> Session: Class initialized using 'CodeIgniter\Session\Handlers\FileHandler' driver.
WARNING - 2026-05-30 07:26:03 --> [DEPRECATED] Creation of dynamic property App\Controllers\ProductController::$session is deprecated in APPPATH/Controllers/BaseController.php on line 43.
 1 SYSTEMPATH/CodeIgniter.php(922): App\Controllers\BaseController->initController(Object(CodeIgniter\HTTP\IncomingRequest), Object(CodeIgniter\HTTP\Response), Object(CodeIgniter\Log\Logger))
 2 SYSTEMPATH/CodeIgniter.php(488): CodeIgniter\CodeIgniter->createController()
 3 SYSTEMPATH/CodeIgniter.php(340): CodeIgniter\CodeIgniter->handleRequest(null, Object(Config\Cache), false)
 4 SYSTEMPATH/Boot.php(417): CodeIgniter\CodeIgniter->run()
 5 SYSTEMPATH/Boot.php(68): CodeIgniter\Boot::runCodeIgniter(Object(CodeIgniter\CodeIgniter))
 6 FCPATH/index.php(59): CodeIgniter\Boot::bootWeb(Object(Config\Paths))
WARNING - 2026-05-30 07:26:07 --> [DEPRECATED] Creation of dynamic property App\Controllers\ProductController::$productsModel is deprecated in APPPATH/Controllers/ProductController.php on line 12.
 1 SYSTEMPATH/CodeIgniter.php(921): App\Controllers\ProductController->__construct()
 2 SYSTEMPATH/CodeIgniter.php(488): CodeIgniter\CodeIgniter->createController()
 3 SYSTEMPATH/CodeIgniter.php(340): CodeIgniter\CodeIgniter->handleRequest(null, Object(Config\Cache), false)
 4 SYSTEMPATH/Boot.php(417): CodeIgniter\CodeIgniter->run()
 5 SYSTEMPATH/Boot.php(68): CodeIgniter\Boot::runCodeIgniter(Object(CodeIgniter\CodeIgniter))
 6 FCPATH/index.php(59): CodeIgniter\Boot::bootWeb(Object(Config\Paths))
WARNING - 2026-05-30 07:26:07 --> [DEPRECATED] Creation of dynamic property App\Controllers\ProductController::$commonModel is deprecated in APPPATH/Controllers/ProductController.php on line 13.
 1 SYSTEMPATH/CodeIgniter.php(921): App\Controllers\ProductController->__construct()
 2 SYSTEMPATH/CodeIgniter.php(488): CodeIgniter\CodeIgniter->createController()
 3 SYSTEMPATH/CodeIgniter.php(340): CodeIgniter\CodeIgniter->handleRequest(null, Object(Config\Cache), false)
 4 SYSTEMPATH/Boot.php(417): CodeIgniter\CodeIgniter->run()
 5 SYSTEMPATH/Boot.php(68): CodeIgniter\Boot::runCodeIgniter(Object(CodeIgniter\CodeIgniter))
 6 FCPATH/index.php(59): CodeIgniter\Boot::bootWeb(Object(Config\Paths))
DEBUG - 2026-05-30 07:26:07 --> Session: Class initialized using 'CodeIgniter\Session\Handlers\FileHandler' driver.
WARNING - 2026-05-30 07:26:07 --> [DEPRECATED] Creation of dynamic property App\Controllers\ProductController::$session is deprecated in APPPATH/Controllers/BaseController.php on line 43.
 1 SYSTEMPATH/CodeIgniter.php(922): App\Controllers\BaseController->initController(Object(CodeIgniter\HTTP\IncomingRequest), Object(CodeIgniter\HTTP\Response), Object(CodeIgniter\Log\Logger))
 2 SYSTEMPATH/CodeIgniter.php(488): CodeIgniter\CodeIgniter->createController()
 3 SYSTEMPATH/CodeIgniter.php(340): CodeIgniter\CodeIgniter->handleRequest(null, Object(Config\Cache), false)
 4 SYSTEMPATH/Boot.php(417): CodeIgniter\CodeIgniter->run()
 5 SYSTEMPATH/Boot.php(68): CodeIgniter\Boot::runCodeIgniter(Object(CodeIgniter\CodeIgniter))
 6 FCPATH/index.php(59): CodeIgniter\Boot::bootWeb(Object(Config\Paths))
WARNING - 2026-05-30 07:26:08 --> [DEPRECATED] Creation of dynamic property App\Controllers\ProductController::$productsModel is deprecated in APPPATH/Controllers/ProductController.php on line 12.
 1 SYSTEMPATH/CodeIgniter.php(921): App\Controllers\ProductController->__construct()
 2 SYSTEMPATH/CodeIgniter.php(488): CodeIgniter\CodeIgniter->createController()
 3 SYSTEMPATH/CodeIgniter.php(340): CodeIgniter\CodeIgniter->handleRequest(null, Object(Config\Cache), false)
 4 SYSTEMPATH/Boot.php(417): CodeIgniter\CodeIgniter->run()
 5 SYSTEMPATH/Boot.php(68): CodeIgniter\Boot::runCodeIgniter(Object(CodeIgniter\CodeIgniter))
 6 FCPATH/index.php(59): CodeIgniter\Boot::bootWeb(Object(Config\Paths))
WARNING - 2026-05-30 07:26:08 --> [DEPRECATED] Creation of dynamic property App\Controllers\ProductController::$commonModel is deprecated in APPPATH/Controllers/ProductController.php on line 13.
 1 SYSTEMPATH/CodeIgniter.php(921): App\Controllers\ProductController->__construct()
 2 SYSTEMPATH/CodeIgniter.php(488): CodeIgniter\CodeIgniter->createController()
 3 SYSTEMPATH/CodeIgniter.php(340): CodeIgniter\CodeIgniter->handleRequest(null, Object(Config\Cache), false)
 4 SYSTEMPATH/Boot.php(417): CodeIgniter\CodeIgniter->run()
 5 SYSTEMPATH/Boot.php(68): CodeIgniter\Boot::runCodeIgniter(Object(CodeIgniter\CodeIgniter))
 6 FCPATH/index.php(59): CodeIgniter\Boot::bootWeb(Object(Config\Paths))
DEBUG - 2026-05-30 07:26:08 --> Session: Class initialized using 'CodeIgniter\Session\Handlers\FileHandler' driver.
WARNING - 2026-05-30 07:26:08 --> [DEPRECATED] Creation of dynamic property App\Controllers\ProductController::$session is deprecated in APPPATH/Controllers/BaseController.php on line 43.
 1 SYSTEMPATH/CodeIgniter.php(922): App\Controllers\BaseController->initController(Object(CodeIgniter\HTTP\IncomingRequest), Object(CodeIgniter\HTTP\Response), Object(CodeIgniter\Log\Logger))
 2 SYSTEMPATH/CodeIgniter.php(488): CodeIgniter\CodeIgniter->createController()
 3 SYSTEMPATH/CodeIgniter.php(340): CodeIgniter\CodeIgniter->handleRequest(null, Object(Config\Cache), false)
 4 SYSTEMPATH/Boot.php(417): CodeIgniter\CodeIgniter->run()
 5 SYSTEMPATH/Boot.php(68): CodeIgniter\Boot::runCodeIgniter(Object(CodeIgniter\CodeIgniter))
 6 FCPATH/index.php(59): CodeIgniter\Boot::bootWeb(Object(Config\Paths))
WARNING - 2026-05-30 07:26:09 --> [DEPRECATED] Creation of dynamic property App\Controllers\ProductController::$productsModel is deprecated in APPPATH/Controllers/ProductController.php on line 12.
 1 SYSTEMPATH/CodeIgniter.php(921): App\Controllers\ProductController->__construct()
 2 SYSTEMPATH/CodeIgniter.php(488): CodeIgniter\CodeIgniter->createController()
 3 SYSTEMPATH/CodeIgniter.php(340): CodeIgniter\CodeIgniter->handleRequest(null, Object(Config\Cache), false)
 4 SYSTEMPATH/Boot.php(417): CodeIgniter\CodeIgniter->run()
 5 SYSTEMPATH/Boot.php(68): CodeIgniter\Boot::runCodeIgniter(Object(CodeIgniter\CodeIgniter))
 6 FCPATH/index.php(59): CodeIgniter\Boot::bootWeb(Object(Config\Paths))
WARNING - 2026-05-30 07:26:09 --> [DEPRECATED] Creation of dynamic property App\Controllers\ProductController::$commonModel is deprecated in APPPATH/Controllers/ProductController.php on line 13.
 1 SYSTEMPATH/CodeIgniter.php(921): App\Controllers\ProductController->__construct()
 2 SYSTEMPATH/CodeIgniter.php(488): CodeIgniter\CodeIgniter->createController()
 3 SYSTEMPATH/CodeIgniter.php(340): CodeIgniter\CodeIgniter->handleRequest(null, Object(Config\Cache), false)
 4 SYSTEMPATH/Boot.php(417): CodeIgniter\CodeIgniter->run()
 5 SYSTEMPATH/Boot.php(68): CodeIgniter\Boot::runCodeIgniter(Object(CodeIgniter\CodeIgniter))
 6 FCPATH/index.php(59): CodeIgniter\Boot::bootWeb(Object(Config\Paths))
DEBUG - 2026-05-30 07:26:09 --> Session: Class initialized using 'CodeIgniter\Session\Handlers\FileHandler' driver.
WARNING - 2026-05-30 07:26:09 --> [DEPRECATED] Creation of dynamic property App\Controllers\ProductController::$session is deprecated in APPPATH/Controllers/BaseController.php on line 43.
 1 SYSTEMPATH/CodeIgniter.php(922): App\Controllers\BaseController->initController(Object(CodeIgniter\HTTP\IncomingRequest), Object(CodeIgniter\HTTP\Response), Object(CodeIgniter\Log\Logger))
 2 SYSTEMPATH/CodeIgniter.php(488): CodeIgniter\CodeIgniter->createController()
 3 SYSTEMPATH/CodeIgniter.php(340): CodeIgniter\CodeIgniter->handleRequest(null, Object(Config\Cache), false)
 4 SYSTEMPATH/Boot.php(417): CodeIgniter\CodeIgniter->run()
 5 SYSTEMPATH/Boot.php(68): CodeIgniter\Boot::runCodeIgniter(Object(CodeIgniter\CodeIgniter))
 6 FCPATH/index.php(59): CodeIgniter\Boot::bootWeb(Object(Config\Paths))
WARNING - 2026-05-30 07:26:09 --> [DEPRECATED] Creation of dynamic property App\Controllers\ProductController::$productsModel is deprecated in APPPATH/Controllers/ProductController.php on line 12.
 1 SYSTEMPATH/CodeIgniter.php(921): App\Controllers\ProductController->__construct()
 2 SYSTEMPATH/CodeIgniter.php(488): CodeIgniter\CodeIgniter->createController()
 3 SYSTEMPATH/CodeIgniter.php(340): CodeIgniter\CodeIgniter->handleRequest(null, Object(Config\Cache), false)
 4 SYSTEMPATH/Boot.php(417): CodeIgniter\CodeIgniter->run()
 5 SYSTEMPATH/Boot.php(68): CodeIgniter\Boot::runCodeIgniter(Object(CodeIgniter\CodeIgniter))
 6 FCPATH/index.php(59): CodeIgniter\Boot::bootWeb(Object(Config\Paths))
WARNING - 2026-05-30 07:26:09 --> [DEPRECATED] Creation of dynamic property App\Controllers\ProductController::$commonModel is deprecated in APPPATH/Controllers/ProductController.php on line 13.
 1 SYSTEMPATH/CodeIgniter.php(921): App\Controllers\ProductController->__construct()
 2 SYSTEMPATH/CodeIgniter.php(488): CodeIgniter\CodeIgniter->createController()
 3 SYSTEMPATH/CodeIgniter.php(340): CodeIgniter\CodeIgniter->handleRequest(null, Object(Config\Cache), false)
 4 SYSTEMPATH/Boot.php(417): CodeIgniter\CodeIgniter->run()
 5 SYSTEMPATH/Boot.php(68): CodeIgniter\Boot::runCodeIgniter(Object(CodeIgniter\CodeIgniter))
 6 FCPATH/index.php(59): CodeIgniter\Boot::bootWeb(Object(Config\Paths))
DEBUG - 2026-05-30 07:26:09 --> Session: Class initialized using 'CodeIgniter\Session\Handlers\FileHandler' driver.
WARNING - 2026-05-30 07:26:09 --> [DEPRECATED] Creation of dynamic property App\Controllers\ProductController::$session is deprecated in APPPATH/Controllers/BaseController.php on line 43.
 1 SYSTEMPATH/CodeIgniter.php(922): App\Controllers\BaseController->initController(Object(CodeIgniter\HTTP\IncomingRequest), Object(CodeIgniter\HTTP\Response), Object(CodeIgniter\Log\Logger))
 2 SYSTEMPATH/CodeIgniter.php(488): CodeIgniter\CodeIgniter->createController()
 3 SYSTEMPATH/CodeIgniter.php(340): CodeIgniter\CodeIgniter->handleRequest(null, Object(Config\Cache), false)
 4 SYSTEMPATH/Boot.php(417): CodeIgniter\CodeIgniter->run()
 5 SYSTEMPATH/Boot.php(68): CodeIgniter\Boot::runCodeIgniter(Object(CodeIgniter\CodeIgniter))
 6 FCPATH/index.php(59): CodeIgniter\Boot::bootWeb(Object(Config\Paths))
WARNING - 2026-05-30 07:26:10 --> [DEPRECATED] Creation of dynamic property App\Controllers\ProductController::$productsModel is deprecated in APPPATH/Controllers/ProductController.php on line 12.
 1 SYSTEMPATH/CodeIgniter.php(921): App\Controllers\ProductController->__construct()
 2 SYSTEMPATH/CodeIgniter.php(488): CodeIgniter\CodeIgniter->createController()
 3 SYSTEMPATH/CodeIgniter.php(340): CodeIgniter\CodeIgniter->handleRequest(null, Object(Config\Cache), false)
 4 SYSTEMPATH/Boot.php(417): CodeIgniter\CodeIgniter->run()
 5 SYSTEMPATH/Boot.php(68): CodeIgniter\Boot::runCodeIgniter(Object(CodeIgniter\CodeIgniter))
 6 FCPATH/index.php(59): CodeIgniter\Boot::bootWeb(Object(Config\Paths))
WARNING - 2026-05-30 07:26:10 --> [DEPRECATED] Creation of dynamic property App\Controllers\ProductController::$commonModel is deprecated in APPPATH/Controllers/ProductController.php on line 13.
 1 SYSTEMPATH/CodeIgniter.php(921): App\Controllers\ProductController->__construct()
 2 SYSTEMPATH/CodeIgniter.php(488): CodeIgniter\CodeIgniter->createController()
 3 SYSTEMPATH/CodeIgniter.php(340): CodeIgniter\CodeIgniter->handleRequest(null, Object(Config\Cache), false)
 4 SYSTEMPATH/Boot.php(417): CodeIgniter\CodeIgniter->run()
 5 SYSTEMPATH/Boot.php(68): CodeIgniter\Boot::runCodeIgniter(Object(CodeIgniter\CodeIgniter))
 6 FCPATH/index.php(59): CodeIgniter\Boot::bootWeb(Object(Config\Paths))
DEBUG - 2026-05-30 07:26:10 --> Session: Class initialized using 'CodeIgniter\Session\Handlers\FileHandler' driver.
WARNING - 2026-05-30 07:26:10 --> [DEPRECATED] Creation of dynamic property App\Controllers\ProductController::$session is deprecated in APPPATH/Controllers/BaseController.php on line 43.
 1 SYSTEMPATH/CodeIgniter.php(922): App\Controllers\BaseController->initController(Object(CodeIgniter\HTTP\IncomingRequest), Object(CodeIgniter\HTTP\Response), Object(CodeIgniter\Log\Logger))
 2 SYSTEMPATH/CodeIgniter.php(488): CodeIgniter\CodeIgniter->createController()
 3 SYSTEMPATH/CodeIgniter.php(340): CodeIgniter\CodeIgniter->handleRequest(null, Object(Config\Cache), false)
 4 SYSTEMPATH/Boot.php(417): CodeIgniter\CodeIgniter->run()
 5 SYSTEMPATH/Boot.php(68): CodeIgniter\Boot::runCodeIgniter(Object(CodeIgniter\CodeIgniter))
 6 FCPATH/index.php(59): CodeIgniter\Boot::bootWeb(Object(Config\Paths))
WARNING - 2026-05-30 07:26:11 --> [DEPRECATED] Creation of dynamic property App\Controllers\ProductController::$productsModel is deprecated in APPPATH/Controllers/ProductController.php on line 12.
 1 SYSTEMPATH/CodeIgniter.php(921): App\Controllers\ProductController->__construct()
 2 SYSTEMPATH/CodeIgniter.php(488): CodeIgniter\CodeIgniter->createController()
 3 SYSTEMPATH/CodeIgniter.php(340): CodeIgniter\CodeIgniter->handleRequest(null, Object(Config\Cache), false)
 4 SYSTEMPATH/Boot.php(417): CodeIgniter\CodeIgniter->run()
 5 SYSTEMPATH/Boot.php(68): CodeIgniter\Boot::runCodeIgniter(Object(CodeIgniter\CodeIgniter))
 6 FCPATH/index.php(59): CodeIgniter\Boot::bootWeb(Object(Config\Paths))
WARNING - 2026-05-30 07:26:11 --> [DEPRECATED] Creation of dynamic property App\Controllers\ProductController::$commonModel is deprecated in APPPATH/Controllers/ProductController.php on line 13.
 1 SYSTEMPATH/CodeIgniter.php(921): App\Controllers\ProductController->__construct()
 2 SYSTEMPATH/CodeIgniter.php(488): CodeIgniter\CodeIgniter->createController()
 3 SYSTEMPATH/CodeIgniter.php(340): CodeIgniter\CodeIgniter->handleRequest(null, Object(Config\Cache), false)
 4 SYSTEMPATH/Boot.php(417): CodeIgniter\CodeIgniter->run()
 5 SYSTEMPATH/Boot.php(68): CodeIgniter\Boot::runCodeIgniter(Object(CodeIgniter\CodeIgniter))
 6 FCPATH/index.php(59): CodeIgniter\Boot::bootWeb(Object(Config\Paths))
DEBUG - 2026-05-30 07:26:11 --> Session: Class initialized using 'CodeIgniter\Session\Handlers\FileHandler' driver.
WARNING - 2026-05-30 07:26:11 --> [DEPRECATED] Creation of dynamic property App\Controllers\ProductController::$session is deprecated in APPPATH/Controllers/BaseController.php on line 43.
 1 SYSTEMPATH/CodeIgniter.php(922): App\Controllers\BaseController->initController(Object(CodeIgniter\HTTP\IncomingRequest), Object(CodeIgniter\HTTP\Response), Object(CodeIgniter\Log\Logger))
 2 SYSTEMPATH/CodeIgniter.php(488): CodeIgniter\CodeIgniter->createController()
 3 SYSTEMPATH/CodeIgniter.php(340): CodeIgniter\CodeIgniter->handleRequest(null, Object(Config\Cache), false)
 4 SYSTEMPATH/Boot.php(417): CodeIgniter\CodeIgniter->run()
 5 SYSTEMPATH/Boot.php(68): CodeIgniter\Boot::runCodeIgniter(Object(CodeIgniter\CodeIgniter))
 6 FCPATH/index.php(59): CodeIgniter\Boot::bootWeb(Object(Config\Paths))
WARNING - 2026-05-30 07:26:12 --> [DEPRECATED] Creation of dynamic property App\Controllers\ProductController::$productsModel is deprecated in APPPATH/Controllers/ProductController.php on line 12.
 1 SYSTEMPATH/CodeIgniter.php(921): App\Controllers\ProductController->__construct()
 2 SYSTEMPATH/CodeIgniter.php(488): CodeIgniter\CodeIgniter->createController()
 3 SYSTEMPATH/CodeIgniter.php(340): CodeIgniter\CodeIgniter->handleRequest(null, Object(Config\Cache), false)
 4 SYSTEMPATH/Boot.php(417): CodeIgniter\CodeIgniter->run()
 5 SYSTEMPATH/Boot.php(68): CodeIgniter\Boot::runCodeIgniter(Object(CodeIgniter\CodeIgniter))
 6 FCPATH/index.php(59): CodeIgniter\Boot::bootWeb(Object(Config\Paths))
WARNING - 2026-05-30 07:26:12 --> [DEPRECATED] Creation of dynamic property App\Controllers\ProductController::$commonModel is deprecated in APPPATH/Controllers/ProductController.php on line 13.
 1 SYSTEMPATH/CodeIgniter.php(921): App\Controllers\ProductController->__construct()
 2 SYSTEMPATH/CodeIgniter.php(488): CodeIgniter\CodeIgniter->createController()
 3 SYSTEMPATH/CodeIgniter.php(340): CodeIgniter\CodeIgniter->handleRequest(null, Object(Config\Cache), false)
 4 SYSTEMPATH/Boot.php(417): CodeIgniter\CodeIgniter->run()
 5 SYSTEMPATH/Boot.php(68): CodeIgniter\Boot::runCodeIgniter(Object(CodeIgniter\CodeIgniter))
 6 FCPATH/index.php(59): CodeIgniter\Boot::bootWeb(Object(Config\Paths))
DEBUG - 2026-05-30 07:26:12 --> Session: Class initialized using 'CodeIgniter\Session\Handlers\FileHandler' driver.
WARNING - 2026-05-30 07:26:12 --> [DEPRECATED] Creation of dynamic property App\Controllers\ProductController::$session is deprecated in APPPATH/Controllers/BaseController.php on line 43.
 1 SYSTEMPATH/CodeIgniter.php(922): App\Controllers\BaseController->initController(Object(CodeIgniter\HTTP\IncomingRequest), Object(CodeIgniter\HTTP\Response), Object(CodeIgniter\Log\Logger))
 2 SYSTEMPATH/CodeIgniter.php(488): CodeIgniter\CodeIgniter->createController()
 3 SYSTEMPATH/CodeIgniter.php(340): CodeIgniter\CodeIgniter->handleRequest(null, Object(Config\Cache), false)
 4 SYSTEMPATH/Boot.php(417): CodeIgniter\CodeIgniter->run()
 5 SYSTEMPATH/Boot.php(68): CodeIgniter\Boot::runCodeIgniter(Object(CodeIgniter\CodeIgniter))
 6 FCPATH/index.php(59): CodeIgniter\Boot::bootWeb(Object(Config\Paths))
WARNING - 2026-05-30 07:26:29 --> [DEPRECATED] Creation of dynamic property App\Controllers\ProductController::$productsModel is deprecated in APPPATH/Controllers/ProductController.php on line 12.
 1 SYSTEMPATH/CodeIgniter.php(921): App\Controllers\ProductController->__construct()
 2 SYSTEMPATH/CodeIgniter.php(488): CodeIgniter\CodeIgniter->createController()
 3 SYSTEMPATH/CodeIgniter.php(340): CodeIgniter\CodeIgniter->handleRequest(null, Object(Config\Cache), false)
 4 SYSTEMPATH/Boot.php(417): CodeIgniter\CodeIgniter->run()
 5 SYSTEMPATH/Boot.php(68): CodeIgniter\Boot::runCodeIgniter(Object(CodeIgniter\CodeIgniter))
 6 FCPATH/index.php(59): CodeIgniter\Boot::bootWeb(Object(Config\Paths))
WARNING - 2026-05-30 07:26:29 --> [DEPRECATED] Creation of dynamic property App\Controllers\ProductController::$commonModel is deprecated in APPPATH/Controllers/ProductController.php on line 13.
 1 SYSTEMPATH/CodeIgniter.php(921): App\Controllers\ProductController->__construct()
 2 SYSTEMPATH/CodeIgniter.php(488): CodeIgniter\CodeIgniter->createController()
 3 SYSTEMPATH/CodeIgniter.php(340): CodeIgniter\CodeIgniter->handleRequest(null, Object(Config\Cache), false)
 4 SYSTEMPATH/Boot.php(417): CodeIgniter\CodeIgniter->run()
 5 SYSTEMPATH/Boot.php(68): CodeIgniter\Boot::runCodeIgniter(Object(CodeIgniter\CodeIgniter))
 6 FCPATH/index.php(59): CodeIgniter\Boot::bootWeb(Object(Config\Paths))
DEBUG - 2026-05-30 07:26:29 --> Session: Class initialized using 'CodeIgniter\Session\Handlers\FileHandler' driver.
WARNING - 2026-05-30 07:26:29 --> [DEPRECATED] Creation of dynamic property App\Controllers\ProductController::$session is deprecated in APPPATH/Controllers/BaseController.php on line 43.
 1 SYSTEMPATH/CodeIgniter.php(922): App\Controllers\BaseController->initController(Object(CodeIgniter\HTTP\IncomingRequest), Object(CodeIgniter\HTTP\Response), Object(CodeIgniter\Log\Logger))
 2 SYSTEMPATH/CodeIgniter.php(488): CodeIgniter\CodeIgniter->createController()
 3 SYSTEMPATH/CodeIgniter.php(340): CodeIgniter\CodeIgniter->handleRequest(null, Object(Config\Cache), false)
 4 SYSTEMPATH/Boot.php(417): CodeIgniter\CodeIgniter->run()
 5 SYSTEMPATH/Boot.php(68): CodeIgniter\Boot::runCodeIgniter(Object(CodeIgniter\CodeIgniter))
 6 FCPATH/index.php(59): CodeIgniter\Boot::bootWeb(Object(Config\Paths))
WARNING - 2026-05-30 07:26:29 --> [DEPRECATED] Creation of dynamic property App\Controllers\ProductController::$productsModel is deprecated in APPPATH/Controllers/ProductController.php on line 12.
 1 SYSTEMPATH/CodeIgniter.php(921): App\Controllers\ProductController->__construct()
 2 SYSTEMPATH/CodeIgniter.php(488): CodeIgniter\CodeIgniter->createController()
 3 SYSTEMPATH/CodeIgniter.php(340): CodeIgniter\CodeIgniter->handleRequest(null, Object(Config\Cache), false)
 4 SYSTEMPATH/Boot.php(417): CodeIgniter\CodeIgniter->run()
 5 SYSTEMPATH/Boot.php(68): CodeIgniter\Boot::runCodeIgniter(Object(CodeIgniter\CodeIgniter))
 6 FCPATH/index.php(59): CodeIgniter\Boot::bootWeb(Object(Config\Paths))
WARNING - 2026-05-30 07:26:29 --> [DEPRECATED] Creation of dynamic property App\Controllers\ProductController::$commonModel is deprecated in APPPATH/Controllers/ProductController.php on line 13.
 1 SYSTEMPATH/CodeIgniter.php(921): App\Controllers\ProductController->__construct()
 2 SYSTEMPATH/CodeIgniter.php(488): CodeIgniter\CodeIgniter->createController()
 3 SYSTEMPATH/CodeIgniter.php(340): CodeIgniter\CodeIgniter->handleRequest(null, Object(Config\Cache), false)
 4 SYSTEMPATH/Boot.php(417): CodeIgniter\CodeIgniter->run()
 5 SYSTEMPATH/Boot.php(68): CodeIgniter\Boot::runCodeIgniter(Object(CodeIgniter\CodeIgniter))
 6 FCPATH/index.php(59): CodeIgniter\Boot::bootWeb(Object(Config\Paths))
DEBUG - 2026-05-30 07:26:29 --> Session: Class initialized using 'CodeIgniter\Session\Handlers\FileHandler' driver.
WARNING - 2026-05-30 07:26:29 --> [DEPRECATED] Creation of dynamic property App\Controllers\ProductController::$session is deprecated in APPPATH/Controllers/BaseController.php on line 43.
 1 SYSTEMPATH/CodeIgniter.php(922): App\Controllers\BaseController->initController(Object(CodeIgniter\HTTP\IncomingRequest), Object(CodeIgniter\HTTP\Response), Object(CodeIgniter\Log\Logger))
 2 SYSTEMPATH/CodeIgniter.php(488): CodeIgniter\CodeIgniter->createController()
 3 SYSTEMPATH/CodeIgniter.php(340): CodeIgniter\CodeIgniter->handleRequest(null, Object(Config\Cache), false)
 4 SYSTEMPATH/Boot.php(417): CodeIgniter\CodeIgniter->run()
 5 SYSTEMPATH/Boot.php(68): CodeIgniter\Boot::runCodeIgniter(Object(CodeIgniter\CodeIgniter))
 6 FCPATH/index.php(59): CodeIgniter\Boot::bootWeb(Object(Config\Paths))
WARNING - 2026-05-30 07:26:38 --> [DEPRECATED] Creation of dynamic property App\Controllers\ProductController::$productsModel is deprecated in APPPATH/Controllers/ProductController.php on line 12.
 1 SYSTEMPATH/CodeIgniter.php(921): App\Controllers\ProductController->__construct()
 2 SYSTEMPATH/CodeIgniter.php(488): CodeIgniter\CodeIgniter->createController()
 3 SYSTEMPATH/CodeIgniter.php(340): CodeIgniter\CodeIgniter->handleRequest(null, Object(Config\Cache), false)
 4 SYSTEMPATH/Boot.php(417): CodeIgniter\CodeIgniter->run()
 5 SYSTEMPATH/Boot.php(68): CodeIgniter\Boot::runCodeIgniter(Object(CodeIgniter\CodeIgniter))
 6 FCPATH/index.php(59): CodeIgniter\Boot::bootWeb(Object(Config\Paths))
WARNING - 2026-05-30 07:26:38 --> [DEPRECATED] Creation of dynamic property App\Controllers\ProductController::$commonModel is deprecated in APPPATH/Controllers/ProductController.php on line 13.
 1 SYSTEMPATH/CodeIgniter.php(921): App\Controllers\ProductController->__construct()
 2 SYSTEMPATH/CodeIgniter.php(488): CodeIgniter\CodeIgniter->createController()
 3 SYSTEMPATH/CodeIgniter.php(340): CodeIgniter\CodeIgniter->handleRequest(null, Object(Config\Cache), false)
 4 SYSTEMPATH/Boot.php(417): CodeIgniter\CodeIgniter->run()
 5 SYSTEMPATH/Boot.php(68): CodeIgniter\Boot::runCodeIgniter(Object(CodeIgniter\CodeIgniter))
 6 FCPATH/index.php(59): CodeIgniter\Boot::bootWeb(Object(Config\Paths))
DEBUG - 2026-05-30 07:26:38 --> Session: Class initialized using 'CodeIgniter\Session\Handlers\FileHandler' driver.
WARNING - 2026-05-30 07:26:38 --> [DEPRECATED] Creation of dynamic property App\Controllers\ProductController::$session is deprecated in APPPATH/Controllers/BaseController.php on line 43.
 1 SYSTEMPATH/CodeIgniter.php(922): App\Controllers\BaseController->initController(Object(CodeIgniter\HTTP\IncomingRequest), Object(CodeIgniter\HTTP\Response), Object(CodeIgniter\Log\Logger))
 2 SYSTEMPATH/CodeIgniter.php(488): CodeIgniter\CodeIgniter->createController()
 3 SYSTEMPATH/CodeIgniter.php(340): CodeIgniter\CodeIgniter->handleRequest(null, Object(Config\Cache), false)
 4 SYSTEMPATH/Boot.php(417): CodeIgniter\CodeIgniter->run()
 5 SYSTEMPATH/Boot.php(68): CodeIgniter\Boot::runCodeIgniter(Object(CodeIgniter\CodeIgniter))
 6 FCPATH/index.php(59): CodeIgniter\Boot::bootWeb(Object(Config\Paths))
WARNING - 2026-05-30 07:26:39 --> [DEPRECATED] Creation of dynamic property App\Controllers\ProductController::$productsModel is deprecated in APPPATH/Controllers/ProductController.php on line 12.
 1 SYSTEMPATH/CodeIgniter.php(921): App\Controllers\ProductController->__construct()
 2 SYSTEMPATH/CodeIgniter.php(488): CodeIgniter\CodeIgniter->createController()
 3 SYSTEMPATH/CodeIgniter.php(340): CodeIgniter\CodeIgniter->handleRequest(null, Object(Config\Cache), false)
 4 SYSTEMPATH/Boot.php(417): CodeIgniter\CodeIgniter->run()
 5 SYSTEMPATH/Boot.php(68): CodeIgniter\Boot::runCodeIgniter(Object(CodeIgniter\CodeIgniter))
 6 FCPATH/index.php(59): CodeIgniter\Boot::bootWeb(Object(Config\Paths))
WARNING - 2026-05-30 07:26:39 --> [DEPRECATED] Creation of dynamic property App\Controllers\ProductController::$commonModel is deprecated in APPPATH/Controllers/ProductController.php on line 13.
 1 SYSTEMPATH/CodeIgniter.php(921): App\Controllers\ProductController->__construct()
 2 SYSTEMPATH/CodeIgniter.php(488): CodeIgniter\CodeIgniter->createController()
 3 SYSTEMPATH/CodeIgniter.php(340): CodeIgniter\CodeIgniter->handleRequest(null, Object(Config\Cache), false)
 4 SYSTEMPATH/Boot.php(417): CodeIgniter\CodeIgniter->run()
 5 SYSTEMPATH/Boot.php(68): CodeIgniter\Boot::runCodeIgniter(Object(CodeIgniter\CodeIgniter))
 6 FCPATH/index.php(59): CodeIgniter\Boot::bootWeb(Object(Config\Paths))
DEBUG - 2026-05-30 07:26:39 --> Session: Class initialized using 'CodeIgniter\Session\Handlers\FileHandler' driver.
WARNING - 2026-05-30 07:26:39 --> [DEPRECATED] Creation of dynamic property App\Controllers\ProductController::$session is deprecated in APPPATH/Controllers/BaseController.php on line 43.
 1 SYSTEMPATH/CodeIgniter.php(922): App\Controllers\BaseController->initController(Object(CodeIgniter\HTTP\IncomingRequest), Object(CodeIgniter\HTTP\Response), Object(CodeIgniter\Log\Logger))
 2 SYSTEMPATH/CodeIgniter.php(488): CodeIgniter\CodeIgniter->createController()
 3 SYSTEMPATH/CodeIgniter.php(340): CodeIgniter\CodeIgniter->handleRequest(null, Object(Config\Cache), false)
 4 SYSTEMPATH/Boot.php(417): CodeIgniter\CodeIgniter->run()
 5 SYSTEMPATH/Boot.php(68): CodeIgniter\Boot::runCodeIgniter(Object(CodeIgniter\CodeIgniter))
 6 FCPATH/index.php(59): CodeIgniter\Boot::bootWeb(Object(Config\Paths))
WARNING - 2026-05-30 07:26:47 --> [DEPRECATED] Creation of dynamic property App\Controllers\ProductController::$productsModel is deprecated in APPPATH/Controllers/ProductController.php on line 12.
 1 SYSTEMPATH/CodeIgniter.php(921): App\Controllers\ProductController->__construct()
 2 SYSTEMPATH/CodeIgniter.php(488): CodeIgniter\CodeIgniter->createController()
 3 SYSTEMPATH/CodeIgniter.php(340): CodeIgniter\CodeIgniter->handleRequest(null, Object(Config\Cache), false)
 4 SYSTEMPATH/Boot.php(417): CodeIgniter\CodeIgniter->run()
 5 SYSTEMPATH/Boot.php(68): CodeIgniter\Boot::runCodeIgniter(Object(CodeIgniter\CodeIgniter))
 6 FCPATH/index.php(59): CodeIgniter\Boot::bootWeb(Object(Config\Paths))
WARNING - 2026-05-30 07:26:47 --> [DEPRECATED] Creation of dynamic property App\Controllers\ProductController::$commonModel is deprecated in APPPATH/Controllers/ProductController.php on line 13.
 1 SYSTEMPATH/CodeIgniter.php(921): App\Controllers\ProductController->__construct()
 2 SYSTEMPATH/CodeIgniter.php(488): CodeIgniter\CodeIgniter->createController()
 3 SYSTEMPATH/CodeIgniter.php(340): CodeIgniter\CodeIgniter->handleRequest(null, Object(Config\Cache), false)
 4 SYSTEMPATH/Boot.php(417): CodeIgniter\CodeIgniter->run()
 5 SYSTEMPATH/Boot.php(68): CodeIgniter\Boot::runCodeIgniter(Object(CodeIgniter\CodeIgniter))
 6 FCPATH/index.php(59): CodeIgniter\Boot::bootWeb(Object(Config\Paths))
DEBUG - 2026-05-30 07:26:47 --> Session: Class initialized using 'CodeIgniter\Session\Handlers\FileHandler' driver.
WARNING - 2026-05-30 07:26:47 --> [DEPRECATED] Creation of dynamic property App\Controllers\ProductController::$session is deprecated in APPPATH/Controllers/BaseController.php on line 43.
 1 SYSTEMPATH/CodeIgniter.php(922): App\Controllers\BaseController->initController(Object(CodeIgniter\HTTP\IncomingRequest), Object(CodeIgniter\HTTP\Response), Object(CodeIgniter\Log\Logger))
 2 SYSTEMPATH/CodeIgniter.php(488): CodeIgniter\CodeIgniter->createController()
 3 SYSTEMPATH/CodeIgniter.php(340): CodeIgniter\CodeIgniter->handleRequest(null, Object(Config\Cache), false)
 4 SYSTEMPATH/Boot.php(417): CodeIgniter\CodeIgniter->run()
 5 SYSTEMPATH/Boot.php(68): CodeIgniter\Boot::runCodeIgniter(Object(CodeIgniter\CodeIgniter))
 6 FCPATH/index.php(59): CodeIgniter\Boot::bootWeb(Object(Config\Paths))
WARNING - 2026-05-30 07:26:48 --> [DEPRECATED] Creation of dynamic property App\Controllers\ProductController::$productsModel is deprecated in APPPATH/Controllers/ProductController.php on line 12.
 1 SYSTEMPATH/CodeIgniter.php(921): App\Controllers\ProductController->__construct()
 2 SYSTEMPATH/CodeIgniter.php(488): CodeIgniter\CodeIgniter->createController()
 3 SYSTEMPATH/CodeIgniter.php(340): CodeIgniter\CodeIgniter->handleRequest(null, Object(Config\Cache), false)
 4 SYSTEMPATH/Boot.php(417): CodeIgniter\CodeIgniter->run()
 5 SYSTEMPATH/Boot.php(68): CodeIgniter\Boot::runCodeIgniter(Object(CodeIgniter\CodeIgniter))
 6 FCPATH/index.php(59): CodeIgniter\Boot::bootWeb(Object(Config\Paths))
WARNING - 2026-05-30 07:26:48 --> [DEPRECATED] Creation of dynamic property App\Controllers\ProductController::$commonModel is deprecated in APPPATH/Controllers/ProductController.php on line 13.
 1 SYSTEMPATH/CodeIgniter.php(921): App\Controllers\ProductController->__construct()
 2 SYSTEMPATH/CodeIgniter.php(488): CodeIgniter\CodeIgniter->createController()
 3 SYSTEMPATH/CodeIgniter.php(340): CodeIgniter\CodeIgniter->handleRequest(null, Object(Config\Cache), false)
 4 SYSTEMPATH/Boot.php(417): CodeIgniter\CodeIgniter->run()
 5 SYSTEMPATH/Boot.php(68): CodeIgniter\Boot::runCodeIgniter(Object(CodeIgniter\CodeIgniter))
 6 FCPATH/index.php(59): CodeIgniter\Boot::bootWeb(Object(Config\Paths))
DEBUG - 2026-05-30 07:26:48 --> Session: Class initialized using 'CodeIgniter\Session\Handlers\FileHandler' driver.
WARNING - 2026-05-30 07:26:48 --> [DEPRECATED] Creation of dynamic property App\Controllers\ProductController::$session is deprecated in APPPATH/Controllers/BaseController.php on line 43.
 1 SYSTEMPATH/CodeIgniter.php(922): App\Controllers\BaseController->initController(Object(CodeIgniter\HTTP\IncomingRequest), Object(CodeIgniter\HTTP\Response), Object(CodeIgniter\Log\Logger))
 2 SYSTEMPATH/CodeIgniter.php(488): CodeIgniter\CodeIgniter->createController()
 3 SYSTEMPATH/CodeIgniter.php(340): CodeIgniter\CodeIgniter->handleRequest(null, Object(Config\Cache), false)
 4 SYSTEMPATH/Boot.php(417): CodeIgniter\CodeIgniter->run()
 5 SYSTEMPATH/Boot.php(68): CodeIgniter\Boot::runCodeIgniter(Object(CodeIgniter\CodeIgniter))
 6 FCPATH/index.php(59): CodeIgniter\Boot::bootWeb(Object(Config\Paths))
WARNING - 2026-05-30 07:27:05 --> [DEPRECATED] Creation of dynamic property App\Controllers\ProductController::$productsModel is deprecated in APPPATH/Controllers/ProductController.php on line 12.
 1 SYSTEMPATH/CodeIgniter.php(921): App\Controllers\ProductController->__construct()
 2 SYSTEMPATH/CodeIgniter.php(488): CodeIgniter\CodeIgniter->createController()
 3 SYSTEMPATH/CodeIgniter.php(340): CodeIgniter\CodeIgniter->handleRequest(null, Object(Config\Cache), false)
 4 SYSTEMPATH/Boot.php(417): CodeIgniter\CodeIgniter->run()
 5 SYSTEMPATH/Boot.php(68): CodeIgniter\Boot::runCodeIgniter(Object(CodeIgniter\CodeIgniter))
 6 FCPATH/index.php(59): CodeIgniter\Boot::bootWeb(Object(Config\Paths))
WARNING - 2026-05-30 07:27:05 --> [DEPRECATED] Creation of dynamic property App\Controllers\ProductController::$commonModel is deprecated in APPPATH/Controllers/ProductController.php on line 13.
 1 SYSTEMPATH/CodeIgniter.php(921): App\Controllers\ProductController->__construct()
 2 SYSTEMPATH/CodeIgniter.php(488): CodeIgniter\CodeIgniter->createController()
 3 SYSTEMPATH/CodeIgniter.php(340): CodeIgniter\CodeIgniter->handleRequest(null, Object(Config\Cache), false)
 4 SYSTEMPATH/Boot.php(417): CodeIgniter\CodeIgniter->run()
 5 SYSTEMPATH/Boot.php(68): CodeIgniter\Boot::runCodeIgniter(Object(CodeIgniter\CodeIgniter))
 6 FCPATH/index.php(59): CodeIgniter\Boot::bootWeb(Object(Config\Paths))
DEBUG - 2026-05-30 07:27:05 --> Session: Class initialized using 'CodeIgniter\Session\Handlers\FileHandler' driver.
WARNING - 2026-05-30 07:27:05 --> [DEPRECATED] Creation of dynamic property App\Controllers\ProductController::$session is deprecated in APPPATH/Controllers/BaseController.php on line 43.
 1 SYSTEMPATH/CodeIgniter.php(922): App\Controllers\BaseController->initController(Object(CodeIgniter\HTTP\IncomingRequest), Object(CodeIgniter\HTTP\Response), Object(CodeIgniter\Log\Logger))
 2 SYSTEMPATH/CodeIgniter.php(488): CodeIgniter\CodeIgniter->createController()
 3 SYSTEMPATH/CodeIgniter.php(340): CodeIgniter\CodeIgniter->handleRequest(null, Object(Config\Cache), false)
 4 SYSTEMPATH/Boot.php(417): CodeIgniter\CodeIgniter->run()
 5 SYSTEMPATH/Boot.php(68): CodeIgniter\Boot::runCodeIgniter(Object(CodeIgniter\CodeIgniter))
 6 FCPATH/index.php(59): CodeIgniter\Boot::bootWeb(Object(Config\Paths))
WARNING - 2026-05-30 07:27:05 --> [DEPRECATED] Creation of dynamic property App\Controllers\ProductController::$productsModel is deprecated in APPPATH/Controllers/ProductController.php on line 12.
 1 SYSTEMPATH/CodeIgniter.php(921): App\Controllers\ProductController->__construct()
 2 SYSTEMPATH/CodeIgniter.php(488): CodeIgniter\CodeIgniter->createController()
 3 SYSTEMPATH/CodeIgniter.php(340): CodeIgniter\CodeIgniter->handleRequest(null, Object(Config\Cache), false)
 4 SYSTEMPATH/Boot.php(417): CodeIgniter\CodeIgniter->run()
 5 SYSTEMPATH/Boot.php(68): CodeIgniter\Boot::runCodeIgniter(Object(CodeIgniter\CodeIgniter))
 6 FCPATH/index.php(59): CodeIgniter\Boot::bootWeb(Object(Config\Paths))
WARNING - 2026-05-30 07:27:05 --> [DEPRECATED] Creation of dynamic property App\Controllers\ProductController::$commonModel is deprecated in APPPATH/Controllers/ProductController.php on line 13.
 1 SYSTEMPATH/CodeIgniter.php(921): App\Controllers\ProductController->__construct()
 2 SYSTEMPATH/CodeIgniter.php(488): CodeIgniter\CodeIgniter->createController()
 3 SYSTEMPATH/CodeIgniter.php(340): CodeIgniter\CodeIgniter->handleRequest(null, Object(Config\Cache), false)
 4 SYSTEMPATH/Boot.php(417): CodeIgniter\CodeIgniter->run()
 5 SYSTEMPATH/Boot.php(68): CodeIgniter\Boot::runCodeIgniter(Object(CodeIgniter\CodeIgniter))
 6 FCPATH/index.php(59): CodeIgniter\Boot::bootWeb(Object(Config\Paths))
DEBUG - 2026-05-30 07:27:05 --> Session: Class initialized using 'CodeIgniter\Session\Handlers\FileHandler' driver.
WARNING - 2026-05-30 07:27:05 --> [DEPRECATED] Creation of dynamic property App\Controllers\ProductController::$session is deprecated in APPPATH/Controllers/BaseController.php on line 43.
 1 SYSTEMPATH/CodeIgniter.php(922): App\Controllers\BaseController->initController(Object(CodeIgniter\HTTP\IncomingRequest), Object(CodeIgniter\HTTP\Response), Object(CodeIgniter\Log\Logger))
 2 SYSTEMPATH/CodeIgniter.php(488): CodeIgniter\CodeIgniter->createController()
 3 SYSTEMPATH/CodeIgniter.php(340): CodeIgniter\CodeIgniter->handleRequest(null, Object(Config\Cache), false)
 4 SYSTEMPATH/Boot.php(417): CodeIgniter\CodeIgniter->run()
 5 SYSTEMPATH/Boot.php(68): CodeIgniter\Boot::runCodeIgniter(Object(CodeIgniter\CodeIgniter))
 6 FCPATH/index.php(59): CodeIgniter\Boot::bootWeb(Object(Config\Paths))
WARNING - 2026-05-30 07:29:26 --> [DEPRECATED] Creation of dynamic property App\Controllers\ProductController::$productsModel is deprecated in APPPATH/Controllers/ProductController.php on line 12.
 1 SYSTEMPATH/CodeIgniter.php(921): App\Controllers\ProductController->__construct()
 2 SYSTEMPATH/CodeIgniter.php(488): CodeIgniter\CodeIgniter->createController()
 3 SYSTEMPATH/CodeIgniter.php(340): CodeIgniter\CodeIgniter->handleRequest(null, Object(Config\Cache), false)
 4 SYSTEMPATH/Boot.php(417): CodeIgniter\CodeIgniter->run()
 5 SYSTEMPATH/Boot.php(68): CodeIgniter\Boot::runCodeIgniter(Object(CodeIgniter\CodeIgniter))
 6 FCPATH/index.php(59): CodeIgniter\Boot::bootWeb(Object(Config\Paths))
WARNING - 2026-05-30 07:29:26 --> [DEPRECATED] Creation of dynamic property App\Controllers\ProductController::$commonModel is deprecated in APPPATH/Controllers/ProductController.php on line 13.
 1 SYSTEMPATH/CodeIgniter.php(921): App\Controllers\ProductController->__construct()
 2 SYSTEMPATH/CodeIgniter.php(488): CodeIgniter\CodeIgniter->createController()
 3 SYSTEMPATH/CodeIgniter.php(340): CodeIgniter\CodeIgniter->handleRequest(null, Object(Config\Cache), false)
 4 SYSTEMPATH/Boot.php(417): CodeIgniter\CodeIgniter->run()
 5 SYSTEMPATH/Boot.php(68): CodeIgniter\Boot::runCodeIgniter(Object(CodeIgniter\CodeIgniter))
 6 FCPATH/index.php(59): CodeIgniter\Boot::bootWeb(Object(Config\Paths))
DEBUG - 2026-05-30 07:29:26 --> Session: Class initialized using 'CodeIgniter\Session\Handlers\FileHandler' driver.
WARNING - 2026-05-30 07:29:26 --> [DEPRECATED] Creation of dynamic property App\Controllers\ProductController::$session is deprecated in APPPATH/Controllers/BaseController.php on line 43.
 1 SYSTEMPATH/CodeIgniter.php(922): App\Controllers\BaseController->initController(Object(CodeIgniter\HTTP\IncomingRequest), Object(CodeIgniter\HTTP\Response), Object(CodeIgniter\Log\Logger))
 2 SYSTEMPATH/CodeIgniter.php(488): CodeIgniter\CodeIgniter->createController()
 3 SYSTEMPATH/CodeIgniter.php(340): CodeIgniter\CodeIgniter->handleRequest(null, Object(Config\Cache), false)
 4 SYSTEMPATH/Boot.php(417): CodeIgniter\CodeIgniter->run()
 5 SYSTEMPATH/Boot.php(68): CodeIgniter\Boot::runCodeIgniter(Object(CodeIgniter\CodeIgniter))
 6 FCPATH/index.php(59): CodeIgniter\Boot::bootWeb(Object(Config\Paths))
WARNING - 2026-05-30 07:29:27 --> [DEPRECATED] Creation of dynamic property App\Controllers\ProductController::$productsModel is deprecated in APPPATH/Controllers/ProductController.php on line 12.
 1 SYSTEMPATH/CodeIgniter.php(921): App\Controllers\ProductController->__construct()
 2 SYSTEMPATH/CodeIgniter.php(488): CodeIgniter\CodeIgniter->createController()
 3 SYSTEMPATH/CodeIgniter.php(340): CodeIgniter\CodeIgniter->handleRequest(null, Object(Config\Cache), false)
 4 SYSTEMPATH/Boot.php(417): CodeIgniter\CodeIgniter->run()
 5 SYSTEMPATH/Boot.php(68): CodeIgniter\Boot::runCodeIgniter(Object(CodeIgniter\CodeIgniter))
 6 FCPATH/index.php(59): CodeIgniter\Boot::bootWeb(Object(Config\Paths))
WARNING - 2026-05-30 07:29:27 --> [DEPRECATED] Creation of dynamic property App\Controllers\ProductController::$commonModel is deprecated in APPPATH/Controllers/ProductController.php on line 13.
 1 SYSTEMPATH/CodeIgniter.php(921): App\Controllers\ProductController->__construct()
 2 SYSTEMPATH/CodeIgniter.php(488): CodeIgniter\CodeIgniter->createController()
 3 SYSTEMPATH/CodeIgniter.php(340): CodeIgniter\CodeIgniter->handleRequest(null, Object(Config\Cache), false)
 4 SYSTEMPATH/Boot.php(417): CodeIgniter\CodeIgniter->run()
 5 SYSTEMPATH/Boot.php(68): CodeIgniter\Boot::runCodeIgniter(Object(CodeIgniter\CodeIgniter))
 6 FCPATH/index.php(59): CodeIgniter\Boot::bootWeb(Object(Config\Paths))
DEBUG - 2026-05-30 07:29:27 --> Session: Class initialized using 'CodeIgniter\Session\Handlers\FileHandler' driver.
WARNING - 2026-05-30 07:29:27 --> [DEPRECATED] Creation of dynamic property App\Controllers\ProductController::$session is deprecated in APPPATH/Controllers/BaseController.php on line 43.
 1 SYSTEMPATH/CodeIgniter.php(922): App\Controllers\BaseController->initController(Object(CodeIgniter\HTTP\IncomingRequest), Object(CodeIgniter\HTTP\Response), Object(CodeIgniter\Log\Logger))
 2 SYSTEMPATH/CodeIgniter.php(488): CodeIgniter\CodeIgniter->createController()
 3 SYSTEMPATH/CodeIgniter.php(340): CodeIgniter\CodeIgniter->handleRequest(null, Object(Config\Cache), false)
 4 SYSTEMPATH/Boot.php(417): CodeIgniter\CodeIgniter->run()
 5 SYSTEMPATH/Boot.php(68): CodeIgniter\Boot::runCodeIgniter(Object(CodeIgniter\CodeIgniter))
 6 FCPATH/index.php(59): CodeIgniter\Boot::bootWeb(Object(Config\Paths))
WARNING - 2026-05-30 07:30:32 --> [DEPRECATED] Creation of dynamic property App\Controllers\ProductController::$productsModel is deprecated in APPPATH/Controllers/ProductController.php on line 12.
 1 SYSTEMPATH/CodeIgniter.php(921): App\Controllers\ProductController->__construct()
 2 SYSTEMPATH/CodeIgniter.php(488): CodeIgniter\CodeIgniter->createController()
 3 SYSTEMPATH/CodeIgniter.php(340): CodeIgniter\CodeIgniter->handleRequest(null, Object(Config\Cache), false)
 4 SYSTEMPATH/Boot.php(417): CodeIgniter\CodeIgniter->run()
 5 SYSTEMPATH/Boot.php(68): CodeIgniter\Boot::runCodeIgniter(Object(CodeIgniter\CodeIgniter))
 6 FCPATH/index.php(59): CodeIgniter\Boot::bootWeb(Object(Config\Paths))
WARNING - 2026-05-30 07:30:32 --> [DEPRECATED] Creation of dynamic property App\Controllers\ProductController::$commonModel is deprecated in APPPATH/Controllers/ProductController.php on line 13.
 1 SYSTEMPATH/CodeIgniter.php(921): App\Controllers\ProductController->__construct()
 2 SYSTEMPATH/CodeIgniter.php(488): CodeIgniter\CodeIgniter->createController()
 3 SYSTEMPATH/CodeIgniter.php(340): CodeIgniter\CodeIgniter->handleRequest(null, Object(Config\Cache), false)
 4 SYSTEMPATH/Boot.php(417): CodeIgniter\CodeIgniter->run()
 5 SYSTEMPATH/Boot.php(68): CodeIgniter\Boot::runCodeIgniter(Object(CodeIgniter\CodeIgniter))
 6 FCPATH/index.php(59): CodeIgniter\Boot::bootWeb(Object(Config\Paths))
DEBUG - 2026-05-30 07:30:32 --> Session: Class initialized using 'CodeIgniter\Session\Handlers\FileHandler' driver.
WARNING - 2026-05-30 07:30:32 --> [DEPRECATED] Creation of dynamic property App\Controllers\ProductController::$session is deprecated in APPPATH/Controllers/BaseController.php on line 43.
 1 SYSTEMPATH/CodeIgniter.php(922): App\Controllers\BaseController->initController(Object(CodeIgniter\HTTP\IncomingRequest), Object(CodeIgniter\HTTP\Response), Object(CodeIgniter\Log\Logger))
 2 SYSTEMPATH/CodeIgniter.php(488): CodeIgniter\CodeIgniter->createController()
 3 SYSTEMPATH/CodeIgniter.php(340): CodeIgniter\CodeIgniter->handleRequest(null, Object(Config\Cache), false)
 4 SYSTEMPATH/Boot.php(417): CodeIgniter\CodeIgniter->run()
 5 SYSTEMPATH/Boot.php(68): CodeIgniter\Boot::runCodeIgniter(Object(CodeIgniter\CodeIgniter))
 6 FCPATH/index.php(59): CodeIgniter\Boot::bootWeb(Object(Config\Paths))
WARNING - 2026-05-30 07:30:33 --> [DEPRECATED] Creation of dynamic property App\Controllers\ProductController::$productsModel is deprecated in APPPATH/Controllers/ProductController.php on line 12.
 1 SYSTEMPATH/CodeIgniter.php(921): App\Controllers\ProductController->__construct()
 2 SYSTEMPATH/CodeIgniter.php(488): CodeIgniter\CodeIgniter->createController()
 3 SYSTEMPATH/CodeIgniter.php(340): CodeIgniter\CodeIgniter->handleRequest(null, Object(Config\Cache), false)
 4 SYSTEMPATH/Boot.php(417): CodeIgniter\CodeIgniter->run()
 5 SYSTEMPATH/Boot.php(68): CodeIgniter\Boot::runCodeIgniter(Object(CodeIgniter\CodeIgniter))
 6 FCPATH/index.php(59): CodeIgniter\Boot::bootWeb(Object(Config\Paths))
WARNING - 2026-05-30 07:30:33 --> [DEPRECATED] Creation of dynamic property App\Controllers\ProductController::$commonModel is deprecated in APPPATH/Controllers/ProductController.php on line 13.
 1 SYSTEMPATH/CodeIgniter.php(921): App\Controllers\ProductController->__construct()
 2 SYSTEMPATH/CodeIgniter.php(488): CodeIgniter\CodeIgniter->createController()
 3 SYSTEMPATH/CodeIgniter.php(340): CodeIgniter\CodeIgniter->handleRequest(null, Object(Config\Cache), false)
 4 SYSTEMPATH/Boot.php(417): CodeIgniter\CodeIgniter->run()
 5 SYSTEMPATH/Boot.php(68): CodeIgniter\Boot::runCodeIgniter(Object(CodeIgniter\CodeIgniter))
 6 FCPATH/index.php(59): CodeIgniter\Boot::bootWeb(Object(Config\Paths))
DEBUG - 2026-05-30 07:30:33 --> Session: Class initialized using 'CodeIgniter\Session\Handlers\FileHandler' driver.
WARNING - 2026-05-30 07:30:33 --> [DEPRECATED] Creation of dynamic property App\Controllers\ProductController::$session is deprecated in APPPATH/Controllers/BaseController.php on line 43.
 1 SYSTEMPATH/CodeIgniter.php(922): App\Controllers\BaseController->initController(Object(CodeIgniter\HTTP\IncomingRequest), Object(CodeIgniter\HTTP\Response), Object(CodeIgniter\Log\Logger))
 2 SYSTEMPATH/CodeIgniter.php(488): CodeIgniter\CodeIgniter->createController()
 3 SYSTEMPATH/CodeIgniter.php(340): CodeIgniter\CodeIgniter->handleRequest(null, Object(Config\Cache), false)
 4 SYSTEMPATH/Boot.php(417): CodeIgniter\CodeIgniter->run()
 5 SYSTEMPATH/Boot.php(68): CodeIgniter\Boot::runCodeIgniter(Object(CodeIgniter\CodeIgniter))
 6 FCPATH/index.php(59): CodeIgniter\Boot::bootWeb(Object(Config\Paths))
WARNING - 2026-05-30 07:30:43 --> [DEPRECATED] Creation of dynamic property App\Controllers\ProductController::$productsModel is deprecated in APPPATH/Controllers/ProductController.php on line 12.
 1 SYSTEMPATH/CodeIgniter.php(921): App\Controllers\ProductController->__construct()
 2 SYSTEMPATH/CodeIgniter.php(488): CodeIgniter\CodeIgniter->createController()
 3 SYSTEMPATH/CodeIgniter.php(340): CodeIgniter\CodeIgniter->handleRequest(null, Object(Config\Cache), false)
 4 SYSTEMPATH/Boot.php(417): CodeIgniter\CodeIgniter->run()
 5 SYSTEMPATH/Boot.php(68): CodeIgniter\Boot::runCodeIgniter(Object(CodeIgniter\CodeIgniter))
 6 FCPATH/index.php(59): CodeIgniter\Boot::bootWeb(Object(Config\Paths))
WARNING - 2026-05-30 07:30:43 --> [DEPRECATED] Creation of dynamic property App\Controllers\ProductController::$commonModel is deprecated in APPPATH/Controllers/ProductController.php on line 13.
 1 SYSTEMPATH/CodeIgniter.php(921): App\Controllers\ProductController->__construct()
 2 SYSTEMPATH/CodeIgniter.php(488): CodeIgniter\CodeIgniter->createController()
 3 SYSTEMPATH/CodeIgniter.php(340): CodeIgniter\CodeIgniter->handleRequest(null, Object(Config\Cache), false)
 4 SYSTEMPATH/Boot.php(417): CodeIgniter\CodeIgniter->run()
 5 SYSTEMPATH/Boot.php(68): CodeIgniter\Boot::runCodeIgniter(Object(CodeIgniter\CodeIgniter))
 6 FCPATH/index.php(59): CodeIgniter\Boot::bootWeb(Object(Config\Paths))
DEBUG - 2026-05-30 07:30:43 --> Session: Class initialized using 'CodeIgniter\Session\Handlers\FileHandler' driver.
WARNING - 2026-05-30 07:30:43 --> [DEPRECATED] Creation of dynamic property App\Controllers\ProductController::$session is deprecated in APPPATH/Controllers/BaseController.php on line 43.
 1 SYSTEMPATH/CodeIgniter.php(922): App\Controllers\BaseController->initController(Object(CodeIgniter\HTTP\IncomingRequest), Object(CodeIgniter\HTTP\Response), Object(CodeIgniter\Log\Logger))
 2 SYSTEMPATH/CodeIgniter.php(488): CodeIgniter\CodeIgniter->createController()
 3 SYSTEMPATH/CodeIgniter.php(340): CodeIgniter\CodeIgniter->handleRequest(null, Object(Config\Cache), false)
 4 SYSTEMPATH/Boot.php(417): CodeIgniter\CodeIgniter->run()
 5 SYSTEMPATH/Boot.php(68): CodeIgniter\Boot::runCodeIgniter(Object(CodeIgniter\CodeIgniter))
 6 FCPATH/index.php(59): CodeIgniter\Boot::bootWeb(Object(Config\Paths))
WARNING - 2026-05-30 07:30:43 --> [DEPRECATED] Creation of dynamic property App\Controllers\ProductController::$productsModel is deprecated in APPPATH/Controllers/ProductController.php on line 12.
 1 SYSTEMPATH/CodeIgniter.php(921): App\Controllers\ProductController->__construct()
 2 SYSTEMPATH/CodeIgniter.php(488): CodeIgniter\CodeIgniter->createController()
 3 SYSTEMPATH/CodeIgniter.php(340): CodeIgniter\CodeIgniter->handleRequest(null, Object(Config\Cache), false)
 4 SYSTEMPATH/Boot.php(417): CodeIgniter\CodeIgniter->run()
 5 SYSTEMPATH/Boot.php(68): CodeIgniter\Boot::runCodeIgniter(Object(CodeIgniter\CodeIgniter))
 6 FCPATH/index.php(59): CodeIgniter\Boot::bootWeb(Object(Config\Paths))
WARNING - 2026-05-30 07:30:43 --> [DEPRECATED] Creation of dynamic property App\Controllers\ProductController::$commonModel is deprecated in APPPATH/Controllers/ProductController.php on line 13.
 1 SYSTEMPATH/CodeIgniter.php(921): App\Controllers\ProductController->__construct()
 2 SYSTEMPATH/CodeIgniter.php(488): CodeIgniter\CodeIgniter->createController()
 3 SYSTEMPATH/CodeIgniter.php(340): CodeIgniter\CodeIgniter->handleRequest(null, Object(Config\Cache), false)
 4 SYSTEMPATH/Boot.php(417): CodeIgniter\CodeIgniter->run()
 5 SYSTEMPATH/Boot.php(68): CodeIgniter\Boot::runCodeIgniter(Object(CodeIgniter\CodeIgniter))
 6 FCPATH/index.php(59): CodeIgniter\Boot::bootWeb(Object(Config\Paths))
DEBUG - 2026-05-30 07:30:43 --> Session: Class initialized using 'CodeIgniter\Session\Handlers\FileHandler' driver.
WARNING - 2026-05-30 07:30:43 --> [DEPRECATED] Creation of dynamic property App\Controllers\ProductController::$session is deprecated in APPPATH/Controllers/BaseController.php on line 43.
 1 SYSTEMPATH/CodeIgniter.php(922): App\Controllers\BaseController->initController(Object(CodeIgniter\HTTP\IncomingRequest), Object(CodeIgniter\HTTP\Response), Object(CodeIgniter\Log\Logger))
 2 SYSTEMPATH/CodeIgniter.php(488): CodeIgniter\CodeIgniter->createController()
 3 SYSTEMPATH/CodeIgniter.php(340): CodeIgniter\CodeIgniter->handleRequest(null, Object(Config\Cache), false)
 4 SYSTEMPATH/Boot.php(417): CodeIgniter\CodeIgniter->run()
 5 SYSTEMPATH/Boot.php(68): CodeIgniter\Boot::runCodeIgniter(Object(CodeIgniter\CodeIgniter))
 6 FCPATH/index.php(59): CodeIgniter\Boot::bootWeb(Object(Config\Paths))
WARNING - 2026-05-30 07:31:26 --> [DEPRECATED] Creation of dynamic property App\Controllers\ProductController::$productsModel is deprecated in APPPATH/Controllers/ProductController.php on line 12.
 1 SYSTEMPATH/CodeIgniter.php(921): App\Controllers\ProductController->__construct()
 2 SYSTEMPATH/CodeIgniter.php(488): CodeIgniter\CodeIgniter->createController()
 3 SYSTEMPATH/CodeIgniter.php(340): CodeIgniter\CodeIgniter->handleRequest(null, Object(Config\Cache), false)
 4 SYSTEMPATH/Boot.php(417): CodeIgniter\CodeIgniter->run()
 5 SYSTEMPATH/Boot.php(68): CodeIgniter\Boot::runCodeIgniter(Object(CodeIgniter\CodeIgniter))
 6 FCPATH/index.php(59): CodeIgniter\Boot::bootWeb(Object(Config\Paths))
WARNING - 2026-05-30 07:31:26 --> [DEPRECATED] Creation of dynamic property App\Controllers\ProductController::$commonModel is deprecated in APPPATH/Controllers/ProductController.php on line 13.
 1 SYSTEMPATH/CodeIgniter.php(921): App\Controllers\ProductController->__construct()
 2 SYSTEMPATH/CodeIgniter.php(488): CodeIgniter\CodeIgniter->createController()
 3 SYSTEMPATH/CodeIgniter.php(340): CodeIgniter\CodeIgniter->handleRequest(null, Object(Config\Cache), false)
 4 SYSTEMPATH/Boot.php(417): CodeIgniter\CodeIgniter->run()
 5 SYSTEMPATH/Boot.php(68): CodeIgniter\Boot::runCodeIgniter(Object(CodeIgniter\CodeIgniter))
 6 FCPATH/index.php(59): CodeIgniter\Boot::bootWeb(Object(Config\Paths))
DEBUG - 2026-05-30 07:31:26 --> Session: Class initialized using 'CodeIgniter\Session\Handlers\FileHandler' driver.
WARNING - 2026-05-30 07:31:26 --> [DEPRECATED] Creation of dynamic property App\Controllers\ProductController::$session is deprecated in APPPATH/Controllers/BaseController.php on line 43.
 1 SYSTEMPATH/CodeIgniter.php(922): App\Controllers\BaseController->initController(Object(CodeIgniter\HTTP\IncomingRequest), Object(CodeIgniter\HTTP\Response), Object(CodeIgniter\Log\Logger))
 2 SYSTEMPATH/CodeIgniter.php(488): CodeIgniter\CodeIgniter->createController()
 3 SYSTEMPATH/CodeIgniter.php(340): CodeIgniter\CodeIgniter->handleRequest(null, Object(Config\Cache), false)
 4 SYSTEMPATH/Boot.php(417): CodeIgniter\CodeIgniter->run()
 5 SYSTEMPATH/Boot.php(68): CodeIgniter\Boot::runCodeIgniter(Object(CodeIgniter\CodeIgniter))
 6 FCPATH/index.php(59): CodeIgniter\Boot::bootWeb(Object(Config\Paths))
WARNING - 2026-05-30 07:31:27 --> [DEPRECATED] Creation of dynamic property App\Controllers\ProductController::$productsModel is deprecated in APPPATH/Controllers/ProductController.php on line 12.
 1 SYSTEMPATH/CodeIgniter.php(921): App\Controllers\ProductController->__construct()
 2 SYSTEMPATH/CodeIgniter.php(488): CodeIgniter\CodeIgniter->createController()
 3 SYSTEMPATH/CodeIgniter.php(340): CodeIgniter\CodeIgniter->handleRequest(null, Object(Config\Cache), false)
 4 SYSTEMPATH/Boot.php(417): CodeIgniter\CodeIgniter->run()
 5 SYSTEMPATH/Boot.php(68): CodeIgniter\Boot::runCodeIgniter(Object(CodeIgniter\CodeIgniter))
 6 FCPATH/index.php(59): CodeIgniter\Boot::bootWeb(Object(Config\Paths))
WARNING - 2026-05-30 07:31:27 --> [DEPRECATED] Creation of dynamic property App\Controllers\ProductController::$commonModel is deprecated in APPPATH/Controllers/ProductController.php on line 13.
 1 SYSTEMPATH/CodeIgniter.php(921): App\Controllers\ProductController->__construct()
 2 SYSTEMPATH/CodeIgniter.php(488): CodeIgniter\CodeIgniter->createController()
 3 SYSTEMPATH/CodeIgniter.php(340): CodeIgniter\CodeIgniter->handleRequest(null, Object(Config\Cache), false)
 4 SYSTEMPATH/Boot.php(417): CodeIgniter\CodeIgniter->run()
 5 SYSTEMPATH/Boot.php(68): CodeIgniter\Boot::runCodeIgniter(Object(CodeIgniter\CodeIgniter))
 6 FCPATH/index.php(59): CodeIgniter\Boot::bootWeb(Object(Config\Paths))
DEBUG - 2026-05-30 07:31:27 --> Session: Class initialized using 'CodeIgniter\Session\Handlers\FileHandler' driver.
WARNING - 2026-05-30 07:31:27 --> [DEPRECATED] Creation of dynamic property App\Controllers\ProductController::$session is deprecated in APPPATH/Controllers/BaseController.php on line 43.
 1 SYSTEMPATH/CodeIgniter.php(922): App\Controllers\BaseController->initController(Object(CodeIgniter\HTTP\IncomingRequest), Object(CodeIgniter\HTTP\Response), Object(CodeIgniter\Log\Logger))
 2 SYSTEMPATH/CodeIgniter.php(488): CodeIgniter\CodeIgniter->createController()
 3 SYSTEMPATH/CodeIgniter.php(340): CodeIgniter\CodeIgniter->handleRequest(null, Object(Config\Cache), false)
 4 SYSTEMPATH/Boot.php(417): CodeIgniter\CodeIgniter->run()
 5 SYSTEMPATH/Boot.php(68): CodeIgniter\Boot::runCodeIgniter(Object(CodeIgniter\CodeIgniter))
 6 FCPATH/index.php(59): CodeIgniter\Boot::bootWeb(Object(Config\Paths))
WARNING - 2026-05-30 07:31:34 --> [DEPRECATED] Creation of dynamic property App\Controllers\ProductController::$productsModel is deprecated in APPPATH/Controllers/ProductController.php on line 12.
 1 SYSTEMPATH/CodeIgniter.php(921): App\Controllers\ProductController->__construct()
 2 SYSTEMPATH/CodeIgniter.php(488): CodeIgniter\CodeIgniter->createController()
 3 SYSTEMPATH/CodeIgniter.php(340): CodeIgniter\CodeIgniter->handleRequest(null, Object(Config\Cache), false)
 4 SYSTEMPATH/Boot.php(417): CodeIgniter\CodeIgniter->run()
 5 SYSTEMPATH/Boot.php(68): CodeIgniter\Boot::runCodeIgniter(Object(CodeIgniter\CodeIgniter))
 6 FCPATH/index.php(59): CodeIgniter\Boot::bootWeb(Object(Config\Paths))
WARNING - 2026-05-30 07:31:34 --> [DEPRECATED] Creation of dynamic property App\Controllers\ProductController::$commonModel is deprecated in APPPATH/Controllers/ProductController.php on line 13.
 1 SYSTEMPATH/CodeIgniter.php(921): App\Controllers\ProductController->__construct()
 2 SYSTEMPATH/CodeIgniter.php(488): CodeIgniter\CodeIgniter->createController()
 3 SYSTEMPATH/CodeIgniter.php(340): CodeIgniter\CodeIgniter->handleRequest(null, Object(Config\Cache), false)
 4 SYSTEMPATH/Boot.php(417): CodeIgniter\CodeIgniter->run()
 5 SYSTEMPATH/Boot.php(68): CodeIgniter\Boot::runCodeIgniter(Object(CodeIgniter\CodeIgniter))
 6 FCPATH/index.php(59): CodeIgniter\Boot::bootWeb(Object(Config\Paths))
DEBUG - 2026-05-30 07:31:34 --> Session: Class initialized using 'CodeIgniter\Session\Handlers\FileHandler' driver.
WARNING - 2026-05-30 07:31:34 --> [DEPRECATED] Creation of dynamic property App\Controllers\ProductController::$session is deprecated in APPPATH/Controllers/BaseController.php on line 43.
 1 SYSTEMPATH/CodeIgniter.php(922): App\Controllers\BaseController->initController(Object(CodeIgniter\HTTP\IncomingRequest), Object(CodeIgniter\HTTP\Response), Object(CodeIgniter\Log\Logger))
 2 SYSTEMPATH/CodeIgniter.php(488): CodeIgniter\CodeIgniter->createController()
 3 SYSTEMPATH/CodeIgniter.php(340): CodeIgniter\CodeIgniter->handleRequest(null, Object(Config\Cache), false)
 4 SYSTEMPATH/Boot.php(417): CodeIgniter\CodeIgniter->run()
 5 SYSTEMPATH/Boot.php(68): CodeIgniter\Boot::runCodeIgniter(Object(CodeIgniter\CodeIgniter))
 6 FCPATH/index.php(59): CodeIgniter\Boot::bootWeb(Object(Config\Paths))
WARNING - 2026-05-30 07:31:35 --> [DEPRECATED] Creation of dynamic property App\Controllers\ProductController::$productsModel is deprecated in APPPATH/Controllers/ProductController.php on line 12.
 1 SYSTEMPATH/CodeIgniter.php(921): App\Controllers\ProductController->__construct()
 2 SYSTEMPATH/CodeIgniter.php(488): CodeIgniter\CodeIgniter->createController()
 3 SYSTEMPATH/CodeIgniter.php(340): CodeIgniter\CodeIgniter->handleRequest(null, Object(Config\Cache), false)
 4 SYSTEMPATH/Boot.php(417): CodeIgniter\CodeIgniter->run()
 5 SYSTEMPATH/Boot.php(68): CodeIgniter\Boot::runCodeIgniter(Object(CodeIgniter\CodeIgniter))
 6 FCPATH/index.php(59): CodeIgniter\Boot::bootWeb(Object(Config\Paths))
WARNING - 2026-05-30 07:31:35 --> [DEPRECATED] Creation of dynamic property App\Controllers\ProductController::$commonModel is deprecated in APPPATH/Controllers/ProductController.php on line 13.
 1 SYSTEMPATH/CodeIgniter.php(921): App\Controllers\ProductController->__construct()
 2 SYSTEMPATH/CodeIgniter.php(488): CodeIgniter\CodeIgniter->createController()
 3 SYSTEMPATH/CodeIgniter.php(340): CodeIgniter\CodeIgniter->handleRequest(null, Object(Config\Cache), false)
 4 SYSTEMPATH/Boot.php(417): CodeIgniter\CodeIgniter->run()
 5 SYSTEMPATH/Boot.php(68): CodeIgniter\Boot::runCodeIgniter(Object(CodeIgniter\CodeIgniter))
 6 FCPATH/index.php(59): CodeIgniter\Boot::bootWeb(Object(Config\Paths))
DEBUG - 2026-05-30 07:31:35 --> Session: Class initialized using 'CodeIgniter\Session\Handlers\FileHandler' driver.
WARNING - 2026-05-30 07:31:35 --> [DEPRECATED] Creation of dynamic property App\Controllers\ProductController::$session is deprecated in APPPATH/Controllers/BaseController.php on line 43.
 1 SYSTEMPATH/CodeIgniter.php(922): App\Controllers\BaseController->initController(Object(CodeIgniter\HTTP\IncomingRequest), Object(CodeIgniter\HTTP\Response), Object(CodeIgniter\Log\Logger))
 2 SYSTEMPATH/CodeIgniter.php(488): CodeIgniter\CodeIgniter->createController()
 3 SYSTEMPATH/CodeIgniter.php(340): CodeIgniter\CodeIgniter->handleRequest(null, Object(Config\Cache), false)
 4 SYSTEMPATH/Boot.php(417): CodeIgniter\CodeIgniter->run()
 5 SYSTEMPATH/Boot.php(68): CodeIgniter\Boot::runCodeIgniter(Object(CodeIgniter\CodeIgniter))
 6 FCPATH/index.php(59): CodeIgniter\Boot::bootWeb(Object(Config\Paths))
WARNING - 2026-05-30 07:33:13 --> [DEPRECATED] Creation of dynamic property App\Controllers\ProductController::$productsModel is deprecated in APPPATH/Controllers/ProductController.php on line 12.
 1 SYSTEMPATH/CodeIgniter.php(921): App\Controllers\ProductController->__construct()
 2 SYSTEMPATH/CodeIgniter.php(488): CodeIgniter\CodeIgniter->createController()
 3 SYSTEMPATH/CodeIgniter.php(340): CodeIgniter\CodeIgniter->handleRequest(null, Object(Config\Cache), false)
 4 SYSTEMPATH/Boot.php(417): CodeIgniter\CodeIgniter->run()
 5 SYSTEMPATH/Boot.php(68): CodeIgniter\Boot::runCodeIgniter(Object(CodeIgniter\CodeIgniter))
 6 FCPATH/index.php(59): CodeIgniter\Boot::bootWeb(Object(Config\Paths))
WARNING - 2026-05-30 07:33:13 --> [DEPRECATED] Creation of dynamic property App\Controllers\ProductController::$commonModel is deprecated in APPPATH/Controllers/ProductController.php on line 13.
 1 SYSTEMPATH/CodeIgniter.php(921): App\Controllers\ProductController->__construct()
 2 SYSTEMPATH/CodeIgniter.php(488): CodeIgniter\CodeIgniter->createController()
 3 SYSTEMPATH/CodeIgniter.php(340): CodeIgniter\CodeIgniter->handleRequest(null, Object(Config\Cache), false)
 4 SYSTEMPATH/Boot.php(417): CodeIgniter\CodeIgniter->run()
 5 SYSTEMPATH/Boot.php(68): CodeIgniter\Boot::runCodeIgniter(Object(CodeIgniter\CodeIgniter))
 6 FCPATH/index.php(59): CodeIgniter\Boot::bootWeb(Object(Config\Paths))
DEBUG - 2026-05-30 07:33:13 --> Session: Class initialized using 'CodeIgniter\Session\Handlers\FileHandler' driver.
WARNING - 2026-05-30 07:33:13 --> [DEPRECATED] Creation of dynamic property App\Controllers\ProductController::$session is deprecated in APPPATH/Controllers/BaseController.php on line 43.
 1 SYSTEMPATH/CodeIgniter.php(922): App\Controllers\BaseController->initController(Object(CodeIgniter\HTTP\IncomingRequest), Object(CodeIgniter\HTTP\Response), Object(CodeIgniter\Log\Logger))
 2 SYSTEMPATH/CodeIgniter.php(488): CodeIgniter\CodeIgniter->createController()
 3 SYSTEMPATH/CodeIgniter.php(340): CodeIgniter\CodeIgniter->handleRequest(null, Object(Config\Cache), false)
 4 SYSTEMPATH/Boot.php(417): CodeIgniter\CodeIgniter->run()
 5 SYSTEMPATH/Boot.php(68): CodeIgniter\Boot::runCodeIgniter(Object(CodeIgniter\CodeIgniter))
 6 FCPATH/index.php(59): CodeIgniter\Boot::bootWeb(Object(Config\Paths))
WARNING - 2026-05-30 07:33:14 --> [DEPRECATED] Creation of dynamic property App\Controllers\ProductController::$productsModel is deprecated in APPPATH/Controllers/ProductController.php on line 12.
 1 SYSTEMPATH/CodeIgniter.php(921): App\Controllers\ProductController->__construct()
 2 SYSTEMPATH/CodeIgniter.php(488): CodeIgniter\CodeIgniter->createController()
 3 SYSTEMPATH/CodeIgniter.php(340): CodeIgniter\CodeIgniter->handleRequest(null, Object(Config\Cache), false)
 4 SYSTEMPATH/Boot.php(417): CodeIgniter\CodeIgniter->run()
 5 SYSTEMPATH/Boot.php(68): CodeIgniter\Boot::runCodeIgniter(Object(CodeIgniter\CodeIgniter))
 6 FCPATH/index.php(59): CodeIgniter\Boot::bootWeb(Object(Config\Paths))
WARNING - 2026-05-30 07:33:14 --> [DEPRECATED] Creation of dynamic property App\Controllers\ProductController::$commonModel is deprecated in APPPATH/Controllers/ProductController.php on line 13.
 1 SYSTEMPATH/CodeIgniter.php(921): App\Controllers\ProductController->__construct()
 2 SYSTEMPATH/CodeIgniter.php(488): CodeIgniter\CodeIgniter->createController()
 3 SYSTEMPATH/CodeIgniter.php(340): CodeIgniter\CodeIgniter->handleRequest(null, Object(Config\Cache), false)
 4 SYSTEMPATH/Boot.php(417): CodeIgniter\CodeIgniter->run()
 5 SYSTEMPATH/Boot.php(68): CodeIgniter\Boot::runCodeIgniter(Object(CodeIgniter\CodeIgniter))
 6 FCPATH/index.php(59): CodeIgniter\Boot::bootWeb(Object(Config\Paths))
DEBUG - 2026-05-30 07:33:14 --> Session: Class initialized using 'CodeIgniter\Session\Handlers\FileHandler' driver.
WARNING - 2026-05-30 07:33:14 --> [DEPRECATED] Creation of dynamic property App\Controllers\ProductController::$session is deprecated in APPPATH/Controllers/BaseController.php on line 43.
 1 SYSTEMPATH/CodeIgniter.php(922): App\Controllers\BaseController->initController(Object(CodeIgniter\HTTP\IncomingRequest), Object(CodeIgniter\HTTP\Response), Object(CodeIgniter\Log\Logger))
 2 SYSTEMPATH/CodeIgniter.php(488): CodeIgniter\CodeIgniter->createController()
 3 SYSTEMPATH/CodeIgniter.php(340): CodeIgniter\CodeIgniter->handleRequest(null, Object(Config\Cache), false)
 4 SYSTEMPATH/Boot.php(417): CodeIgniter\CodeIgniter->run()
 5 SYSTEMPATH/Boot.php(68): CodeIgniter\Boot::runCodeIgniter(Object(CodeIgniter\CodeIgniter))
 6 FCPATH/index.php(59): CodeIgniter\Boot::bootWeb(Object(Config\Paths))
WARNING - 2026-05-30 07:38:05 --> [DEPRECATED] Creation of dynamic property App\Controllers\ProductController::$productsModel is deprecated in APPPATH/Controllers/ProductController.php on line 12.
 1 SYSTEMPATH/CodeIgniter.php(921): App\Controllers\ProductController->__construct()
 2 SYSTEMPATH/CodeIgniter.php(488): CodeIgniter\CodeIgniter->createController()
 3 SYSTEMPATH/CodeIgniter.php(340): CodeIgniter\CodeIgniter->handleRequest(null, Object(Config\Cache), false)
 4 SYSTEMPATH/Boot.php(417): CodeIgniter\CodeIgniter->run()
 5 SYSTEMPATH/Boot.php(68): CodeIgniter\Boot::runCodeIgniter(Object(CodeIgniter\CodeIgniter))
 6 FCPATH/index.php(59): CodeIgniter\Boot::bootWeb(Object(Config\Paths))
WARNING - 2026-05-30 07:38:05 --> [DEPRECATED] Creation of dynamic property App\Controllers\ProductController::$commonModel is deprecated in APPPATH/Controllers/ProductController.php on line 13.
 1 SYSTEMPATH/CodeIgniter.php(921): App\Controllers\ProductController->__construct()
 2 SYSTEMPATH/CodeIgniter.php(488): CodeIgniter\CodeIgniter->createController()
 3 SYSTEMPATH/CodeIgniter.php(340): CodeIgniter\CodeIgniter->handleRequest(null, Object(Config\Cache), false)
 4 SYSTEMPATH/Boot.php(417): CodeIgniter\CodeIgniter->run()
 5 SYSTEMPATH/Boot.php(68): CodeIgniter\Boot::runCodeIgniter(Object(CodeIgniter\CodeIgniter))
 6 FCPATH/index.php(59): CodeIgniter\Boot::bootWeb(Object(Config\Paths))
DEBUG - 2026-05-30 07:38:05 --> Session: Class initialized using 'CodeIgniter\Session\Handlers\FileHandler' driver.
WARNING - 2026-05-30 07:38:05 --> [DEPRECATED] Creation of dynamic property App\Controllers\ProductController::$session is deprecated in APPPATH/Controllers/BaseController.php on line 43.
 1 SYSTEMPATH/CodeIgniter.php(922): App\Controllers\BaseController->initController(Object(CodeIgniter\HTTP\IncomingRequest), Object(CodeIgniter\HTTP\Response), Object(CodeIgniter\Log\Logger))
 2 SYSTEMPATH/CodeIgniter.php(488): CodeIgniter\CodeIgniter->createController()
 3 SYSTEMPATH/CodeIgniter.php(340): CodeIgniter\CodeIgniter->handleRequest(null, Object(Config\Cache), false)
 4 SYSTEMPATH/Boot.php(417): CodeIgniter\CodeIgniter->run()
 5 SYSTEMPATH/Boot.php(68): CodeIgniter\Boot::runCodeIgniter(Object(CodeIgniter\CodeIgniter))
 6 FCPATH/index.php(59): CodeIgniter\Boot::bootWeb(Object(Config\Paths))
WARNING - 2026-05-30 07:38:06 --> [DEPRECATED] Creation of dynamic property App\Controllers\ProductController::$productsModel is deprecated in APPPATH/Controllers/ProductController.php on line 12.
 1 SYSTEMPATH/CodeIgniter.php(921): App\Controllers\ProductController->__construct()
 2 SYSTEMPATH/CodeIgniter.php(488): CodeIgniter\CodeIgniter->createController()
 3 SYSTEMPATH/CodeIgniter.php(340): CodeIgniter\CodeIgniter->handleRequest(null, Object(Config\Cache), false)
 4 SYSTEMPATH/Boot.php(417): CodeIgniter\CodeIgniter->run()
 5 SYSTEMPATH/Boot.php(68): CodeIgniter\Boot::runCodeIgniter(Object(CodeIgniter\CodeIgniter))
 6 FCPATH/index.php(59): CodeIgniter\Boot::bootWeb(Object(Config\Paths))
WARNING - 2026-05-30 07:38:06 --> [DEPRECATED] Creation of dynamic property App\Controllers\ProductController::$commonModel is deprecated in APPPATH/Controllers/ProductController.php on line 13.
 1 SYSTEMPATH/CodeIgniter.php(921): App\Controllers\ProductController->__construct()
 2 SYSTEMPATH/CodeIgniter.php(488): CodeIgniter\CodeIgniter->createController()
 3 SYSTEMPATH/CodeIgniter.php(340): CodeIgniter\CodeIgniter->handleRequest(null, Object(Config\Cache), false)
 4 SYSTEMPATH/Boot.php(417): CodeIgniter\CodeIgniter->run()
 5 SYSTEMPATH/Boot.php(68): CodeIgniter\Boot::runCodeIgniter(Object(CodeIgniter\CodeIgniter))
 6 FCPATH/index.php(59): CodeIgniter\Boot::bootWeb(Object(Config\Paths))
DEBUG - 2026-05-30 07:38:06 --> Session: Class initialized using 'CodeIgniter\Session\Handlers\FileHandler' driver.
WARNING - 2026-05-30 07:38:06 --> [DEPRECATED] Creation of dynamic property App\Controllers\ProductController::$session is deprecated in APPPATH/Controllers/BaseController.php on line 43.
 1 SYSTEMPATH/CodeIgniter.php(922): App\Controllers\BaseController->initController(Object(CodeIgniter\HTTP\IncomingRequest), Object(CodeIgniter\HTTP\Response), Object(CodeIgniter\Log\Logger))
 2 SYSTEMPATH/CodeIgniter.php(488): CodeIgniter\CodeIgniter->createController()
 3 SYSTEMPATH/CodeIgniter.php(340): CodeIgniter\CodeIgniter->handleRequest(null, Object(Config\Cache), false)
 4 SYSTEMPATH/Boot.php(417): CodeIgniter\CodeIgniter->run()
 5 SYSTEMPATH/Boot.php(68): CodeIgniter\Boot::runCodeIgniter(Object(CodeIgniter\CodeIgniter))
 6 FCPATH/index.php(59): CodeIgniter\Boot::bootWeb(Object(Config\Paths))
WARNING - 2026-05-30 07:38:56 --> [DEPRECATED] Creation of dynamic property App\Controllers\ProductController::$productsModel is deprecated in APPPATH/Controllers/ProductController.php on line 12.
 1 SYSTEMPATH/CodeIgniter.php(921): App\Controllers\ProductController->__construct()
 2 SYSTEMPATH/CodeIgniter.php(488): CodeIgniter\CodeIgniter->createController()
 3 SYSTEMPATH/CodeIgniter.php(340): CodeIgniter\CodeIgniter->handleRequest(null, Object(Config\Cache), false)
 4 SYSTEMPATH/Boot.php(417): CodeIgniter\CodeIgniter->run()
 5 SYSTEMPATH/Boot.php(68): CodeIgniter\Boot::runCodeIgniter(Object(CodeIgniter\CodeIgniter))
 6 FCPATH/index.php(59): CodeIgniter\Boot::bootWeb(Object(Config\Paths))
WARNING - 2026-05-30 07:38:56 --> [DEPRECATED] Creation of dynamic property App\Controllers\ProductController::$commonModel is deprecated in APPPATH/Controllers/ProductController.php on line 13.
 1 SYSTEMPATH/CodeIgniter.php(921): App\Controllers\ProductController->__construct()
 2 SYSTEMPATH/CodeIgniter.php(488): CodeIgniter\CodeIgniter->createController()
 3 SYSTEMPATH/CodeIgniter.php(340): CodeIgniter\CodeIgniter->handleRequest(null, Object(Config\Cache), false)
 4 SYSTEMPATH/Boot.php(417): CodeIgniter\CodeIgniter->run()
 5 SYSTEMPATH/Boot.php(68): CodeIgniter\Boot::runCodeIgniter(Object(CodeIgniter\CodeIgniter))
 6 FCPATH/index.php(59): CodeIgniter\Boot::bootWeb(Object(Config\Paths))
DEBUG - 2026-05-30 07:38:56 --> Session: Class initialized using 'CodeIgniter\Session\Handlers\FileHandler' driver.
WARNING - 2026-05-30 07:38:56 --> [DEPRECATED] Creation of dynamic property App\Controllers\ProductController::$session is deprecated in APPPATH/Controllers/BaseController.php on line 43.
 1 SYSTEMPATH/CodeIgniter.php(922): App\Controllers\BaseController->initController(Object(CodeIgniter\HTTP\IncomingRequest), Object(CodeIgniter\HTTP\Response), Object(CodeIgniter\Log\Logger))
 2 SYSTEMPATH/CodeIgniter.php(488): CodeIgniter\CodeIgniter->createController()
 3 SYSTEMPATH/CodeIgniter.php(340): CodeIgniter\CodeIgniter->handleRequest(null, Object(Config\Cache), false)
 4 SYSTEMPATH/Boot.php(417): CodeIgniter\CodeIgniter->run()
 5 SYSTEMPATH/Boot.php(68): CodeIgniter\Boot::runCodeIgniter(Object(CodeIgniter\CodeIgniter))
 6 FCPATH/index.php(59): CodeIgniter\Boot::bootWeb(Object(Config\Paths))
WARNING - 2026-05-30 07:38:56 --> [DEPRECATED] Creation of dynamic property App\Controllers\ProductController::$productsModel is deprecated in APPPATH/Controllers/ProductController.php on line 12.
 1 SYSTEMPATH/CodeIgniter.php(921): App\Controllers\ProductController->__construct()
 2 SYSTEMPATH/CodeIgniter.php(488): CodeIgniter\CodeIgniter->createController()
 3 SYSTEMPATH/CodeIgniter.php(340): CodeIgniter\CodeIgniter->handleRequest(null, Object(Config\Cache), false)
 4 SYSTEMPATH/Boot.php(417): CodeIgniter\CodeIgniter->run()
 5 SYSTEMPATH/Boot.php(68): CodeIgniter\Boot::runCodeIgniter(Object(CodeIgniter\CodeIgniter))
 6 FCPATH/index.php(59): CodeIgniter\Boot::bootWeb(Object(Config\Paths))
WARNING - 2026-05-30 07:38:56 --> [DEPRECATED] Creation of dynamic property App\Controllers\ProductController::$commonModel is deprecated in APPPATH/Controllers/ProductController.php on line 13.
 1 SYSTEMPATH/CodeIgniter.php(921): App\Controllers\ProductController->__construct()
 2 SYSTEMPATH/CodeIgniter.php(488): CodeIgniter\CodeIgniter->createController()
 3 SYSTEMPATH/CodeIgniter.php(340): CodeIgniter\CodeIgniter->handleRequest(null, Object(Config\Cache), false)
 4 SYSTEMPATH/Boot.php(417): CodeIgniter\CodeIgniter->run()
 5 SYSTEMPATH/Boot.php(68): CodeIgniter\Boot::runCodeIgniter(Object(CodeIgniter\CodeIgniter))
 6 FCPATH/index.php(59): CodeIgniter\Boot::bootWeb(Object(Config\Paths))
DEBUG - 2026-05-30 07:38:56 --> Session: Class initialized using 'CodeIgniter\Session\Handlers\FileHandler' driver.
WARNING - 2026-05-30 07:38:56 --> [DEPRECATED] Creation of dynamic property App\Controllers\ProductController::$session is deprecated in APPPATH/Controllers/BaseController.php on line 43.
 1 SYSTEMPATH/CodeIgniter.php(922): App\Controllers\BaseController->initController(Object(CodeIgniter\HTTP\IncomingRequest), Object(CodeIgniter\HTTP\Response), Object(CodeIgniter\Log\Logger))
 2 SYSTEMPATH/CodeIgniter.php(488): CodeIgniter\CodeIgniter->createController()
 3 SYSTEMPATH/CodeIgniter.php(340): CodeIgniter\CodeIgniter->handleRequest(null, Object(Config\Cache), false)
 4 SYSTEMPATH/Boot.php(417): CodeIgniter\CodeIgniter->run()
 5 SYSTEMPATH/Boot.php(68): CodeIgniter\Boot::runCodeIgniter(Object(CodeIgniter\CodeIgniter))
 6 FCPATH/index.php(59): CodeIgniter\Boot::bootWeb(Object(Config\Paths))
WARNING - 2026-05-30 07:39:01 --> [DEPRECATED] Creation of dynamic property App\Controllers\ProductController::$productsModel is deprecated in APPPATH/Controllers/ProductController.php on line 12.
 1 SYSTEMPATH/CodeIgniter.php(921): App\Controllers\ProductController->__construct()
 2 SYSTEMPATH/CodeIgniter.php(488): CodeIgniter\CodeIgniter->createController()
 3 SYSTEMPATH/CodeIgniter.php(340): CodeIgniter\CodeIgniter->handleRequest(null, Object(Config\Cache), false)
 4 SYSTEMPATH/Boot.php(417): CodeIgniter\CodeIgniter->run()
 5 SYSTEMPATH/Boot.php(68): CodeIgniter\Boot::runCodeIgniter(Object(CodeIgniter\CodeIgniter))
 6 FCPATH/index.php(59): CodeIgniter\Boot::bootWeb(Object(Config\Paths))
WARNING - 2026-05-30 07:39:01 --> [DEPRECATED] Creation of dynamic property App\Controllers\ProductController::$commonModel is deprecated in APPPATH/Controllers/ProductController.php on line 13.
 1 SYSTEMPATH/CodeIgniter.php(921): App\Controllers\ProductController->__construct()
 2 SYSTEMPATH/CodeIgniter.php(488): CodeIgniter\CodeIgniter->createController()
 3 SYSTEMPATH/CodeIgniter.php(340): CodeIgniter\CodeIgniter->handleRequest(null, Object(Config\Cache), false)
 4 SYSTEMPATH/Boot.php(417): CodeIgniter\CodeIgniter->run()
 5 SYSTEMPATH/Boot.php(68): CodeIgniter\Boot::runCodeIgniter(Object(CodeIgniter\CodeIgniter))
 6 FCPATH/index.php(59): CodeIgniter\Boot::bootWeb(Object(Config\Paths))
DEBUG - 2026-05-30 07:39:01 --> Session: Class initialized using 'CodeIgniter\Session\Handlers\FileHandler' driver.
WARNING - 2026-05-30 07:39:01 --> [DEPRECATED] Creation of dynamic property App\Controllers\ProductController::$session is deprecated in APPPATH/Controllers/BaseController.php on line 43.
 1 SYSTEMPATH/CodeIgniter.php(922): App\Controllers\BaseController->initController(Object(CodeIgniter\HTTP\IncomingRequest), Object(CodeIgniter\HTTP\Response), Object(CodeIgniter\Log\Logger))
 2 SYSTEMPATH/CodeIgniter.php(488): CodeIgniter\CodeIgniter->createController()
 3 SYSTEMPATH/CodeIgniter.php(340): CodeIgniter\CodeIgniter->handleRequest(null, Object(Config\Cache), false)
 4 SYSTEMPATH/Boot.php(417): CodeIgniter\CodeIgniter->run()
 5 SYSTEMPATH/Boot.php(68): CodeIgniter\Boot::runCodeIgniter(Object(CodeIgniter\CodeIgniter))
 6 FCPATH/index.php(59): CodeIgniter\Boot::bootWeb(Object(Config\Paths))
WARNING - 2026-05-30 07:39:10 --> [DEPRECATED] Creation of dynamic property App\Controllers\ProductController::$productsModel is deprecated in APPPATH/Controllers/ProductController.php on line 12.
 1 SYSTEMPATH/CodeIgniter.php(921): App\Controllers\ProductController->__construct()
 2 SYSTEMPATH/CodeIgniter.php(488): CodeIgniter\CodeIgniter->createController()
 3 SYSTEMPATH/CodeIgniter.php(340): CodeIgniter\CodeIgniter->handleRequest(null, Object(Config\Cache), false)
 4 SYSTEMPATH/Boot.php(417): CodeIgniter\CodeIgniter->run()
 5 SYSTEMPATH/Boot.php(68): CodeIgniter\Boot::runCodeIgniter(Object(CodeIgniter\CodeIgniter))
 6 FCPATH/index.php(59): CodeIgniter\Boot::bootWeb(Object(Config\Paths))
WARNING - 2026-05-30 07:39:10 --> [DEPRECATED] Creation of dynamic property App\Controllers\ProductController::$commonModel is deprecated in APPPATH/Controllers/ProductController.php on line 13.
 1 SYSTEMPATH/CodeIgniter.php(921): App\Controllers\ProductController->__construct()
 2 SYSTEMPATH/CodeIgniter.php(488): CodeIgniter\CodeIgniter->createController()
 3 SYSTEMPATH/CodeIgniter.php(340): CodeIgniter\CodeIgniter->handleRequest(null, Object(Config\Cache), false)
 4 SYSTEMPATH/Boot.php(417): CodeIgniter\CodeIgniter->run()
 5 SYSTEMPATH/Boot.php(68): CodeIgniter\Boot::runCodeIgniter(Object(CodeIgniter\CodeIgniter))
 6 FCPATH/index.php(59): CodeIgniter\Boot::bootWeb(Object(Config\Paths))
DEBUG - 2026-05-30 07:39:10 --> Session: Class initialized using 'CodeIgniter\Session\Handlers\FileHandler' driver.
WARNING - 2026-05-30 07:39:10 --> [DEPRECATED] Creation of dynamic property App\Controllers\ProductController::$session is deprecated in APPPATH/Controllers/BaseController.php on line 43.
 1 SYSTEMPATH/CodeIgniter.php(922): App\Controllers\BaseController->initController(Object(CodeIgniter\HTTP\IncomingRequest), Object(CodeIgniter\HTTP\Response), Object(CodeIgniter\Log\Logger))
 2 SYSTEMPATH/CodeIgniter.php(488): CodeIgniter\CodeIgniter->createController()
 3 SYSTEMPATH/CodeIgniter.php(340): CodeIgniter\CodeIgniter->handleRequest(null, Object(Config\Cache), false)
 4 SYSTEMPATH/Boot.php(417): CodeIgniter\CodeIgniter->run()
 5 SYSTEMPATH/Boot.php(68): CodeIgniter\Boot::runCodeIgniter(Object(CodeIgniter\CodeIgniter))
 6 FCPATH/index.php(59): CodeIgniter\Boot::bootWeb(Object(Config\Paths))
WARNING - 2026-05-30 07:39:11 --> [DEPRECATED] Creation of dynamic property App\Controllers\ProductController::$productsModel is deprecated in APPPATH/Controllers/ProductController.php on line 12.
 1 SYSTEMPATH/CodeIgniter.php(921): App\Controllers\ProductController->__construct()
 2 SYSTEMPATH/CodeIgniter.php(488): CodeIgniter\CodeIgniter->createController()
 3 SYSTEMPATH/CodeIgniter.php(340): CodeIgniter\CodeIgniter->handleRequest(null, Object(Config\Cache), false)
 4 SYSTEMPATH/Boot.php(417): CodeIgniter\CodeIgniter->run()
 5 SYSTEMPATH/Boot.php(68): CodeIgniter\Boot::runCodeIgniter(Object(CodeIgniter\CodeIgniter))
 6 FCPATH/index.php(59): CodeIgniter\Boot::bootWeb(Object(Config\Paths))
WARNING - 2026-05-30 07:39:11 --> [DEPRECATED] Creation of dynamic property App\Controllers\ProductController::$commonModel is deprecated in APPPATH/Controllers/ProductController.php on line 13.
 1 SYSTEMPATH/CodeIgniter.php(921): App\Controllers\ProductController->__construct()
 2 SYSTEMPATH/CodeIgniter.php(488): CodeIgniter\CodeIgniter->createController()
 3 SYSTEMPATH/CodeIgniter.php(340): CodeIgniter\CodeIgniter->handleRequest(null, Object(Config\Cache), false)
 4 SYSTEMPATH/Boot.php(417): CodeIgniter\CodeIgniter->run()
 5 SYSTEMPATH/Boot.php(68): CodeIgniter\Boot::runCodeIgniter(Object(CodeIgniter\CodeIgniter))
 6 FCPATH/index.php(59): CodeIgniter\Boot::bootWeb(Object(Config\Paths))
DEBUG - 2026-05-30 07:39:11 --> Session: Class initialized using 'CodeIgniter\Session\Handlers\FileHandler' driver.
WARNING - 2026-05-30 07:39:11 --> [DEPRECATED] Creation of dynamic property App\Controllers\ProductController::$session is deprecated in APPPATH/Controllers/BaseController.php on line 43.
 1 SYSTEMPATH/CodeIgniter.php(922): App\Controllers\BaseController->initController(Object(CodeIgniter\HTTP\IncomingRequest), Object(CodeIgniter\HTTP\Response), Object(CodeIgniter\Log\Logger))
 2 SYSTEMPATH/CodeIgniter.php(488): CodeIgniter\CodeIgniter->createController()
 3 SYSTEMPATH/CodeIgniter.php(340): CodeIgniter\CodeIgniter->handleRequest(null, Object(Config\Cache), false)
 4 SYSTEMPATH/Boot.php(417): CodeIgniter\CodeIgniter->run()
 5 SYSTEMPATH/Boot.php(68): CodeIgniter\Boot::runCodeIgniter(Object(CodeIgniter\CodeIgniter))
 6 FCPATH/index.php(59): CodeIgniter\Boot::bootWeb(Object(Config\Paths))
